,mols,y_true,y_pred
0,Cc1cccc(NC(=O)CC(=O)N2N=C(N(CCC#N)c3ccc(Cl)cc3)CC2c2ccccc2)c1,0.0,0
1,Cc1ccc2cccc(OC(=O)c3cc4c(cc3Cl)Sc3nccn3S4(=O)=O)c2n1,0.0,0
2,COc1cccc(NC(=O)CC(=O)N2N=C(N3c4ccccc4Sc4ccccc43)CC2c2ccccc2)c1,0.0,1
3,COC(=O)CSc1nnc(-c2ccc(O)c([N+](=O)[O-])c2)[nH]1,0.0,0
4,CC(=C(C(N)=O)C(N)=O)C1C=C(c2cccs2)CC(c2ccc(Cl)cc2)=C1O,0.0,0
5,CC(=O)OC1COC(n2c3ccccc3c3ccc4c5ccccc5[nH]c4c32)C(OC(C)=O)C1OC(C)=O,0.0,0
6,CC(=O)NC1(C)CCC(C(C)(C)NC(C)=O)CC1,0.0,0
7,COc1cc2c(cc1OC)c(=O)n(C)c1c2C(=O)c2cc3c(cc2-1)OCO3,0.0,1
8,CCCC(CCC)C(=O)O,0.0,0
9,CN1C(=O)C2(C=CC3(CC2)OCCO3)c2ccccc21,0.0,0
10,COc1ccc(CCCNC(=O)Cc2cc(OC)c(OC)cc2CO)cc1OC,0.0,0
11,Cc1cn(C2CC(n3cc(Cn4cc(I)c(=O)[nH]c4=O)nn3)C(CO)O2)c(=O)[nH]c1=O,0.0,0
12,CN1CCN2CCN(C)CCN(CC1)CC2,0.0,0
13,COc1cc(OC)c(-c2cc(=O)c3c(OC)c(OC)c(OC)c(OC)c3o2)cc1OC,0.0,0
14,CC1=C(C(=O)Nc2ccc([N+](=O)[O-])cc2)C(c2ccc3OCOc3c2)C(C(=O)Nc2ccc([N+](=O)[O-])cc2)=C(C)N1,0.0,0
15,COC(=O)C(=Cc1cc(OC)c(OC)c(OC)c1-c1cc2c(cc1C1(C)OCCS1)OCO2)C(=O)OC,0.0,0
16,CCOC(=O)N1CCC2(CC1)CC(C)(C(C)=O)C(C)O2,0.0,0
17,CC1CC(C)CN(S(=O)(=O)c2cc(Cl)c(Oc3ccc([N+](=O)[O-])cc3Cl)c(Cl)c2)C1,0.0,0
18,CCOC(=O)C(NO)C(Sc1ccccc1)c1ccc(OC)cc1,0.0,1
19,CCOC12OC3=C(CC1CC1=C(CCC1=O)O2)C(=O)CC3,0.0,0
20,Cc1c(CN2C(=O)C3OCCOCCOCCOCCOCCOC3C2=O)c2cc3c(oc(=O)cc3C)c(C)c2o1,0.0,0
21,Oc1cc2c([nH]c(-c3ccccc3)c2)c2ccccc12,0.0,1
22,COc1cc(O)c2c(=O)c3ccccc3n(C)c2c1,0.0,0
23,COc1ccc(C=C2SC(=Nc3ccccc3)N(NC(=O)Cc3ccccc3)C2=O)c(OC)c1,0.0,0
24,NC(=O)CCC(Nc1c2ccccc2[n+]([O-])c2ccccc12)C(=O)O,0.0,0
25,CC(Cl)(CCC(Cl)C(C)(C)Cl)C(=O)CBr,0.0,0
26,O=C1N(c2ccccc2)C(=O)C2(SC=NN2Cc2ccccc2)N1c1ccccc1,0.0,0
27,CN(C)CCCc1c[nH]c2ccccc12,0.0,0
28,CCCC(CC)c1cc(O)c(O)cc1C(CC)CCC,0.0,0
29,CC1=CCC(CC(C#CCCCC2OCCO2)O[Si](C(C)C)(C(C)C)C(C)C)C(=O)CC1,0.0,0
30,CCCCCCCCOCC(O)COC,0.0,0
31,CCN(CC)CCNc1ccc2ncn3c4c(OC)ccc(O)c4c(=O)c1c23,0.0,0
32,Cc1ccc(C=NNC2=NCCN2)s1,0.0,0
33,CCCCC(=O)Oc1ccc2c(C)cc(=O)oc2c1,0.0,0
34,OC1c2ccccc2C2C(O)c3ccccc3C12,0.0,1
35,Cc1cccc(C(=O)c2cccc3ccccc23)c1C(=O)O,0.0,0
36,OCC(O)COCn1cc(Cn2ncc3c(O)ncnc32)nn1,0.0,0
37,CCCCCCCCCCCCc1c(-c2ccc(-c3ccc(-c4c(CCCCCCCCCCCC)cc(-c5cc(CCCCCCCCCCCC)c(-c6ccc(-c7ccc(-c8c(CCCCCCCCCCCC)ccs8)s7)s6)s5)s4)s3)s2)scc1,0.0,0
38,Clc1ccc2c(NCCNc3ccnc4cc(Cl)ccc34)ccnc2c1,0.0,0
39,Cc1cn(C2OC(CO[Si](C)(C)C(C)(C)C)C3(OC3C(=O)NO)C2O[Si](C)(C)C(C)(C)C)c(=O)[nH]c1=O,0.0,0
40,CC(C)OC(=O)c1ccc(NCc2cc(O)ccc2O)cc1Cl,0.0,0
41,CCOC(=O)c1c(NC(=O)c2cccs2)sc2c1CCCC2,0.0,0
42,O=C1c2cscc2C(=O)c2c(OCc3ccccc3)ccc(OCc3ccccc3)c12,0.0,1
43,O=C1c2ccccc2OCC12OC21C=CC(Cl)=CC1,0.0,1
44,CC(C)c1c(O[Si](C(C)C)(C(C)C)C(C)C)cc2c(c1O)CCC1C(C)(C)CCCC21C,0.0,0
45,CC1=CC(C)(C)NN1C1=NS(=O)(=O)c2ccccc2N1C,0.0,0
46,Cc1cc(NS(=O)(=O)c2ccc(NC(=O)c3cccc4c(Nc5ccc(S(N)(=O)=O)cc5)c5ccccc5nc34)cc2)no1,0.0,1
47,CCC(c1ccc2cc(O)ccc2c1)C(C)(C)C(=O)O,0.0,0
48,CCSc1nnc(Sc2c3ccccc3nc3ccccc23)s1,0.0,0
49,N#CC(C(=NNC(=O)C(=O)NN)C(=O)NC12CC3CC(CC(C3)C1)C2)c1ccccc1,0.0,0
50,COc1ccc(C2OC(c3ccncc3)=NN2C)cc1OC,0.0,1
51,CC(C)=CCN1c2ccccc2C2(CC=C(C)C)CCN(C)C12,0.0,0
52,COC(=O)c1c(O)ccc2c1c1c(C(=O)c3ccccc3C1=O)n2Cc1cccc(C)c1,0.0,1
53,O=C1C2Cc3ccccc3CN2C(=O)N1CN1CCCCC1,0.0,0
54,Nc1ncnc2c1ncn2C1CCC(CO)O1,0.0,0
55,N#Cc1c2[nH]c3ccccc3n2c(=O)c(N=Nc2ccc(Cl)cc2)c1O,0.0,0
56,N=C(NC(CCC(N)=O)C(=O)O)c1csc(C2OC(CO)C(O)C2O)n1,0.0,1
57,Cc1cc(C)nc(NS(=O)(=O)c2ccc(NNC(=O)c3cccc4c(NNc5ccc(S(=O)(=O)Nc6nc(C)cc(C)n6)cc5)c5ccccc5nc34)cc2)n1,0.0,0
58,COc1ccc2c(c1OC)CC1c3c(cc4OCOc4c-23)CCN1C,0.0,1
59,Cc1c(F)c(N)c2c(=O)cc(-c3ccc(N)c(F)c3)oc2c1F,0.0,0
60,COc1c(C=CC(C)(C)O)cc(C2CC(=O)c3c(O)cc(O)cc3O2)cc1CC=C(C)C,0.0,1
61,O=C1C(c2ccccc2)=C(c2ccccc2)C1(Cl)Cl,0.0,0
62,COC(=O)C1=CC2OC1(C)CCC2=O,0.0,0
63,Cc1cccc(NC(=O)CC#N)c1Cl,0.0,0
64,c1ccc(NN=C2NN=C(c3ccccc3)CS2)cc1,0.0,0
65,COc1ccc(C(O)C(=Cn2ccnc2)c2ccccc2)cc1OC,0.0,0
66,O=C(O)CCCCCCCCC(=O)O,0.0,0
67,COc1cccc(C(Cl)=C(C=O)c2cccc(OC)c2)c1,0.0,0
68,CNC1=Nc2ccc(Cl)cc2C(c2ccccc2)=NN1C,0.0,0
69,c1ccc2[nH]c(CNc3ccc(C4C[Se]N=N4)cc3)nc2c1,0.0,1
70,COc1cc(C2c3cc4c(cc3C(Nc3ccc(N=Cc5ccc(C(=O)OC(C(=O)OC6CC7(O)C(OC(=O)c8ccccc8)C8C9(OC(C)=O)COC9CC(O)C8(C)C(=O)C(OC(C)=O)C(=C6C)C7(C)C)C(NC(=O)c6ccccc6)c6ccccc6)cc5)cc3)C3COC(=O)C23)OCO4)cc(OC)c1O,0.0,1
71,Nc1ccc(Nc2cc(=O)[nH]c(=O)[nH]2)cc1Cl,0.0,0
72,COc1ccc(N=NC(=Nc2ccccc2)c2ccc(N(CCC#N)CCC#N)cc2)cc1,0.0,0
73,O=C(CSCC(=O)NN=Cc1cccc(Br)c1)NN=Cc1cccc(Br)c1,0.0,0
74,COC(=O)C1(C)CC2C(C)(CCC3(C)C4=CC=C5C(=CC(=O)C(O)=C5C)C4(C)CCC23C)CC1O,0.0,1
75,NC(=O)c1ccc([N+](=O)[O-])cc1,0.0,0
76,Cc1ccc(C=C2NC(=S)N(CN3CCCCC3)C2=O)cc1,0.0,0
77,Cc1nn(-c2ccccc2)c2c1C(c1ccc(Cl)cc1)NC(=S)N2,0.0,0
78,c1ccc(N2N=NC3C4CC(C5c6ccccc6C45)C32)cc1,0.0,0
79,Cc1cc(C)c2C(O)=C(C(=O)c3ccc(Br)cc3)N(CCCN3CCN(c4cccc(Cl)c4)CC3)S(=O)(=O)c2n1,0.0,0
80,Cc1ccc(O)c(C(=O)C=Cc2ccccc2)c1,0.0,0
81,C=C1C(OCC(C)C)C(OC(=O)C(C)CC)C(O)C(C)(C)C=CC(C)C(=O)C2(O)CC(C)C(O)C2C1OC(=O)C(C)CC,0.0,1
82,C#CC1=CC(=O)C(OC)=CC1=O,0.0,0
83,Cc1cn(C2CC(O)C(COC(N)=O)O2)c(=O)[nH]c1=O,0.0,0
84,CN(C)c1ccc(C2CC(=O)CC(c3ccc(N(C)C)cc3)C23C(=O)NC(=O)NC3=O)cc1,0.0,0
85,Cc1ccccc1-n1c(=O)nc2-c(cc3ccccc3n2-c2ccc(C(C)(C)C)cc2)c1=O,0.0,0
86,CC(=O)c1ccccc1NCC(=O)Nn1cnc2ccc(S(=O)(=O)Nc3ccccc3C(C)=O)cc2c1=O,0.0,0
87,NC(CCSCCSCCC(N)=NO)=NO,0.0,1
88,COC(=O)c1c2C(=O)C3=C(C(=O)c2c2[nH]c4ccccc4c2c1C(=O)OC)C1(Cl)C(Cl)C(Cl)C3(Cl)C1(Cl)Cl,0.0,1
89,COC(=O)C(Cc1nc2ccccc2nc1O)C(=O)C(=O)Nc1ccc([N+](=O)[O-])cc1[N+](=O)[O-],0.0,0
90,Nc1ncnc2c1ncn2C1CCC(CP(=O)(O)O)C1,0.0,0
91,COc1ccc2CC3c4cc(OC)c(OC)cc4CCN3c2c1,0.0,0
92,CCCCCCCC(CC(=O)NC(CO)C(=O)NC(CO)CC(C)C)OC(=O)CC(CCCCCCC)OC(=O)CC(CCCCCCC)OC1OC(C)C(O)C(OC2OC(C)C(O)C(O)C2OC(C)=O)C1O,0.0,1
93,O=C1NC2(CCN(CCCC3(c4ccc(F)cc4)OCCO3)CC2)Oc2ccccc12,0.0,1
94,Cc1cc(Cl)ccc1NC(=O)CC1SC(N)=NC1=O,0.0,0
95,O=C1CCC(NC(=O)Cc2ccc(O)cc2)C(=O)N1,0.0,0
96,COc1cc(C=C2CC3C4CCC5CC(O)CCC5(C)C4CCC3(C)C2=O)cc(OC)c1OC,0.0,0
97,O=c1cc(-c2ccc(O)cc2)oc2cc(O)cc(O)c12,0.0,0
98,O=C(O)CC(CC(=O)O)C(=O)O,0.0,0
99,C=C(C)C1Cc2c(cc(O)c3c2n(C)c2ccccc2c3=O)O1,0.0,0
100,CCOc1ccccc1NC(=O)CSc1nnc(Cc2ccccc2)o1,0.0,0
101,COC(=O)C(=O)C(C(C)=O)C(=O)NCc1ccc(OC)c(OC)c1,0.0,0
102,N#Cc1c(O)n(-c2ccc(Br)cc2)nn1,0.0,1
103,N#Cc1ccc(C=C2Cc3ccccc3C2=O)cc1,0.0,1
104,CCCC(Sc1ccccc1)P(=O)(c1ccccc1)c1ccccc1,0.0,0
105,CC(C)OC(=O)C1ON2OC(OC3CCCCC3c3ccccc3)C([Si](C)(C)c3ccccc3)C3OC(=O)C1C32,0.0,0
106,NC(CN(O)N=O)C(=O)O,0.0,0
107,Cc1cccc(-c2nn(Cc3ccccc3)c(-c3cnccn3)n2)c1,0.0,0
108,COC1OC2COC(c3ccccc3)OC2C2CC=CCCC12O,0.0,0
109,CN1CCc2cc(N)cc3c2C1Cc1ccc(O)c(O)c1-3,0.0,1
110,S=C(NN=C(c1ccccc1)c1ccccn1)NC1CCCCC1,0.0,1
111,CC1(C)N=c2c(=C(C(N)=O)N1)ncn2-c1ccccc1,0.0,0
112,CN(C)C(=O)C(F)(F)C(c1ccccc1Br)C1C(=O)N(C)C(=O)N(C)C1=O,0.0,0
113,COc1ccc(C2(CC(C)C)CCNC2)cc1OC,0.0,0
114,CC1=CC(=O)C(=CN2C(=O)C(=Cc3cccnc3)NC2=S)C(=O)O1,0.0,0
115,Cc1nc2cc3ccccc3cc2[nH]c1=O,0.0,0
116,CCC1CCC2C(CCC3(C)C(O)CCC23)C1CO,0.0,1
117,CSc1nc2c(nc(C)c(=O)[nH]2)c(=O)[nH]1,0.0,0
118,N=C1C=C(N)C(=O)c2c1ccc(=O)[nH]2,0.0,0
119,CNC(=S)NC1CCCCC1NC(=S)NC,0.0,1
120,O=C(NC1CCCC1C(=O)Nc1ccc(C(F)(F)F)cc1)OCc1ccccc1,0.0,0
121,Cc1cn(C2C=CC(=O)C(C)O2)c(=O)[nH]c1=O,0.0,0
122,O=c1c(-c2ccccc2Cl)coc2cc(F)ccc12,0.0,0
123,COc1ccc2nc3cc(Cl)ccc3c(Sc3ccccc3[N+](=O)[O-])c2c1,0.0,0
124,COc1ccc(NC(=O)NS(=O)(=O)c2ccc(C)cc2)nn1,0.0,0
125,Cc1cccc(Nc2nc3ccccc3nc2NS(=O)(=O)c2ccccc2)c1,0.0,0
126,Cc1c(C(=O)CC(=NN)C(=O)Nc2ccc(Cl)cc2)sc(C(N)=S)n1,0.0,0
127,C=C1C(=O)OC2C=C(C)C3OC3C=C(C(=O)OC)C(O)C(OC(=O)C3(C)OC3C)C12,0.0,1
128,O=P(O)(OCC(O)O)OCC(O)O,0.0,0
129,N#CCN1c2ccccc2CCC1Cl,0.0,0
130,C=CCN1C(=O)C(=Cc2ccc(Cl)cc2)N=C1SCC=CC,0.0,0
131,CC(=O)Nc1ccc2[nH]c(-c3cccc(Cl)c3)cc(=O)c2c1,0.0,1
132,CC1(C)CC(=O)C2=C(C1)OC1=C(CC(C)(C)CC1=O)C2c1ccccc1[N+](=O)[O-],0.0,0
133,CN1CSC(=S)N(c2c3cc(Br)ccc3nc3ccccc23)C1,0.0,0
134,CCOC(=O)c1c(SC(=O)c2ccc(Cl)cc2)n(-c2ccccc2)c(=S)n(-c2ccccc2)c1=O,0.0,0
135,Clc1cccc(-c2c(Cc3cccs3)cc(-c3cccs3)s2)c1,0.0,0
136,CCCCCCOc1ccc(NC2=C(Cl)C(=O)c3cccnc3C2=O)cc1,0.0,1
137,CC(=O)C(=NNc1ccc(-n2c(C)nc3ccccc3c2=O)cc1)C(C)=O,0.0,0
138,Nc1c2C(=O)c3c(C(=O)c2c(N)cc1)c(N)ccc3N,0.0,1
139,O=NC1C(Cl)C2CC1C1C(Br)C(Br)CC21,0.0,1
140,N=C(N)NS(=O)(=O)c1ccc(NC(=O)c2cccc3c(Nc4ccc(S(=O)(=O)NC(=N)N)cc4)c4ccccc4nc23)cc1,0.0,1
141,O=C(O)c1cc(C(=O)O)cc(N2C(=O)c3ccccc3C2=O)c1,0.0,0
142,CC(C)c1cccc(C(C)C)c1NC(=O)C(=O)C(C(=O)c1ccccc1-c1ccccc1)C1OC(=O)c2ccccc21,0.0,0
143,NC(=NN=Cc1nc2ccccc2o1)c1cnccn1,0.0,1
144,CN(C)CCNc1c([N+](=O)[O-])sc2ccc(Cl)cc12,0.0,0
145,O=C1c2ccccc2C(O)(C(=O)O)C1(O)CC=C(Cl)Cl,0.0,0
146,CCN(CC)C(=S)N=C(SC(=S)N(CC)CC)c1ccccc1,0.0,1
147,CCN1C(c2ccccc2)=CC(c2ccccc2)(C(Cl)(Cl)Cl)C=C1c1ccccc1,0.0,0
148,CCN1CC2(C)CCC(OC)C34C5CC6C(OC)CC(OC)(C5C6OCc5ccccc5)C(C(OC(C)=O)C23)C14,0.0,0
149,CC(=O)Oc1ccc(C=CC(=O)NCC(NC(=O)C=Cc2ccc(OC(C)=O)c(OC(C)=O)c2)C(=O)O)cc1OC(C)=O,0.0,0
150,COc1ccc(-c2nc3ccccc3c(=S)n2OC(C)=O)cc1,0.0,0
151,CC(=O)C1=C(C)N(c2ccccc2)C2(O)C3=C(C(=O)c4ccccc4C3=O)C(O)=CC12Cl,0.0,1
152,Oc1ccc2occ3CCCc1c32,0.0,0
153,ClCc1nc2cc(Cl)ccc2o1,0.0,0
154,CCOC(=O)c1c([N+](=O)[O-])c2c[n+]([O-])nc(OC)c2[nH]1,0.0,0
155,O=C1NC(=O)C(Cc2cccc(Cl)c2)C(=O)N1,0.0,0
156,CCN(CCCN(CC)C(=O)Nc1c(C)cccc1C)C(=O)Nc1c(C)cccc1C,0.0,0
157,COc1ccc(N2C(=O)CS(=O)(=O)C2c2cccc(Oc3ccccc3)c2)cc1,0.0,0
158,Nc1nc(N)c(N=Nc2ccc(C(=O)O)c(O)c2)c(N)n1,0.0,1
159,Nc1nc(S)nc2c1nns2,0.0,1
160,O=C(O)c1ccc2nc(-c3ccccn3)c(-c3ccccn3)nc2c1,0.0,0
161,COc1ccc(C=C(NC(=O)c2ccccc2)c2nc3ccccc3[nH]2)cc1,0.0,0
162,O=[N+]([O-])c1ccc(C2NC(=S)NC3c4cc([N+](=O)[O-])ccc4CCCC23)cc1,0.0,0
163,Nc1nc(-c2cc(-c3cccc4ccccc34)nc(N)n2)cc(-c2cccc3ccccc23)n1,0.0,0
164,CC1(CO)OC1COCc1ccccc1,0.0,0
165,COc1ccc2c(c1)[n+]([O-])c(-c1ccc([N+](=O)[O-])cc1)c(N)[n+]2[O-],0.0,0
166,O=C(CCl)NC(Cc1ccc(F)cc1)C(=O)O,0.0,0
167,COc1ccc2nc3ccc(OC)cc3c(SCC3CO3)c2c1,0.0,0
168,COc1ccc2nc3cc(Cl)ccc3c(NCCCNCc3cc(OC)c(OC)c(OC)c3)c2c1,0.0,1
169,CN1C(=O)C23CCCC2CC1(c1ccccc1)S3,0.0,0
170,Nc1cc2nc(-c3ccccc3)cn2cn1,0.0,1
171,CN(C)C(=NO)C(=NO)N(C)C,0.0,0
172,CCOC(=O)c1c(OC(=O)c2ccc(Cl)cc2Cl)c2c(s1)n(-c1ccccc1)c(=S)n(-c1ccccc1)c2=O,0.0,0
173,COC(=O)C1(C(=O)OC)CC(C)=C(C)SCCCS1,0.0,0
174,CCOC(=O)CC(NC(=O)c1ccc(N=NN(C)C)cc1)C(=O)OCC,0.0,0
175,O=C1CCC2(c3ccc(Cl)cc3)Nc3ccncc3N12,0.0,0
176,O=c1ccn(CC2(CO)CC(Cc3ccccc3)C2)c(=O)[nH]1,0.0,0
177,CN1CCN(C2CC3C4CC=C5CC(O)CCC5(C)C4CCC3(C)C2O)CC1,0.0,0
178,Cc1noc(C)c1N=Nc1c(N)c2nonc2cc1,0.0,0
179,COC(=O)CCC(C)C1CCC2C3C(OC(C)=O)CC4CC5(CCC4(C)C3CC(OC(C)=O)C12C)OOC1(CCC(C)CC1)OO5,0.0,1
180,CC(=O)C(N1CCCCC1)C(O)(C(F)(F)F)C(F)(F)F,0.0,0
181,Cn1c(=O)c2c(nc[nH]2)n(C)c1=O,0.0,0
182,CC(=O)C(C(=O)c1ccc(C)cc1)C1OC(C)(C)OC1C1COC(C)(C)O1,0.0,0
183,CC(=O)OC1CCC2C3CCC4=C(O)c5nocc5CC4(C)C3CCC12C,0.0,0
184,COc1ccc(NC(=O)CCC(CC(=O)C(C)(C)C)=NNC(=O)C(=O)NN)cc1,0.0,0
185,COCC1OC(S(=O)(=O)c2ccccc2)C(O)C(OC)C1OC,0.0,1
186,CC1(C)OC(=O)C(C)(C(O)c2ccccc2)O1,0.0,0
187,CCOc1cc(NC(C)=O)ccc1C(=O)NN1C(=O)C(=Cc2ccco2)N=C1c1ccccc1,0.0,0
188,CCC(C)C1=C(O)[N+]2([O-])Oc3ccc(-c4c(O)c(O)c(-c5ccc(OC(C)=O)cc5)c(OC(C)=O)c4OC(C)=O)cc3OC2(C(C)CC)C(=O)N1O,0.0,0
189,O=S1(=O)CC(O)C(O)CS1,0.0,0
190,O=C1c2c(N=C(Nc3ccccc3)C1N=Cc1ccc([N+](=O)[O-])cc1)[nH]nc2,0.0,0
191,C=C1C(=O)OC2CC3C4(C)CCC(C(C)CCC=C(C)C=O)C4(C)CCC34CC4(CCC(=O)OC)C12,0.0,0
192,O=c1ccn(C2OC(COC3CCCCO3)C(OC3CCCCO3)C2OC2CCCCO2)c(=O)n1-c1ccccc1,0.0,0
193,O=c1c(=Cc2ccc(Cl)cc2Cl)sc2nc3ccccc3n12,0.0,0
194,CC(=O)C=CC1CC2C=CC1C2,0.0,0
195,COc1ccc(N2C(=O)c3cc(C)cnc3S2(=O)=O)cc1,0.0,0
196,CCCNC(=O)Cn1c(-c2ccccc2)cc2ccccc21,0.0,0
197,CCc1cccc(C(C)C)c1NC(=O)C(=O)C(CC(=O)Nc1ccc(Cl)c(Cl)c1)C(=O)OC,0.0,0
198,CN1C(=O)C2CCCC(=O)N2c2cccnc21,0.0,0
199,C1=NC2=[SH][Pd]3([SH]=C4N=CNc5ncn3c54)n3cnc(c32)N1,0.0,0
200,CC(=O)OC1CCC2(C)C(=CCC3C4CC(=O)NC(=O)C4(C)CCC32)C1,0.0,0
201,CCSc1cc(=O)n(C)c(=O)n1C,0.0,0
202,CCOC(=O)c1c(O)nc2cccc3sc4ncccc4c1c23,0.0,1
203,Nn1c(S)nnc1NN=C1C(=O)Nc2ccccc12,0.0,0
204,COc1ccccc1C1C(Cl)C(=O)N1n1cnc2ccccc2c1=O,0.0,0
205,COc1ccccc1NC(=O)c1nc2ccc([N+](=O)[O-])cc2nc1C,0.0,0
206,CC1=[N+]2[N-]C(N3CC4CCC(CC4)C3)=[SH][Fe+]2[n+]2cnccc21,0.0,1
207,CC1=C(C(=O)Nc2ccc([N+](=O)[O-])cc2)C(c2cccc([N+](=O)[O-])c2)C(C(=O)Nc2ccc([N+](=O)[O-])cc2)=C(C)N1,0.0,0
208,O=C(C(=Cc1ccc(O)cc1)c1ccccc1)c1ccccc1,0.0,0
209,O=[N+]([O-])C1([N+](=O)[O-])COCOC1,0.0,0
210,Cc1c(-c2ccccc2)c(C#N)c2nnn(-c3ccccc3)c(=O)n12,0.0,0
211,O=C1c2cc3c(cc2CC12Cc1cc4c(cc1C2=O)CCCC4)CCCC3,0.0,0
212,O=c1c2ccccc2nc2-c3c(CCn21)c1ccccc1[nH]3,0.0,0
213,Nc1ccc(Nc2cc(=O)[nH]c(=O)[nH]2)cc1,0.0,0
214,c1cn(CN(Cn2cccn2)Cn2cccn2)nc1,0.0,1
215,O=[N+]([O-])C1(Br)CCC(Br)([N+](=O)[O-])CC1,0.0,0
216,O=C(NC(c1ccccc1)C(O)C(=O)OCc1ccc2OCOc2c1)c1ccccc1,0.0,0
217,CN(O)C(=O)CCC(NC(=O)CCC(N)C(=O)O)C(=O)NCC(=O)O,0.0,0
218,Cc1ccc(C(=O)C=C2Nc3ccccc3N=C2NC23CC4CC(CC(C4)C2)C3)cc1,0.0,0
219,C#CC1(O)CCC2C3CCc4cc(Oc5nc(F)nc(-c6c7ccccc7c7sc8ccccc8n67)n5)ccc4C3CCC21C,0.0,0
220,N#CCCN(CCN(CCC#N)C(=O)Nc1ccccc1)C(=O)Nc1ccccc1,0.0,0
221,Nc1ncnc2c1ncn2C1OC(CO)C(O)C1NS(=O)(=O)c1ccccc1,0.0,0
222,CC12CCC3C(CCC4=C(O)C(=O)CCC43C)C1Cc1c(N2)n(-c2ccccc2)nc1,0.0,0
223,Cc1ccccc1N(CCC#N)C1=NN(C(=O)CC(=O)Nc2ccc(Cl)cc2)C(c2ccccc2)C1,0.0,0
224,COc1c(O)cc(O)c2c1oc(-c1ccccc1)cc2=O,0.0,0
225,Cc1cccc2c1CC(C1OC(=O)c3c(C)cccc31)C2=O,0.0,0
226,CSc1nc2c(N=C(c3ccccc3)CC(c3ccccc3)N2)c(=O)[nH]1,0.0,0
227,CCOC(=O)C(=Cc1ccccc1Br)C(=O)OCC,0.0,0
228,O=C(CSCC(=O)NN=Cc1cc(Cl)cc(Cl)c1O)NN=Cc1cc(Cl)cc(Cl)c1O,0.0,0
229,c1ccc(CNc2nncc3c2nc[nH]3)cc1,0.0,0
230,O=c1cc(N2CCOCC2)[nH]c(=O)n1-c1ccc(F)cc1,0.0,0
231,Nc1c(Br)c(=O)[nH]c(=O)n1COCCO,0.0,0
232,COC(=O)C1CC2(CCC1=O)Cc1ccccc1C2=O,0.0,0
233,CC1SC(c2ccccc2)N(Nc2c3ccccc3nc3ccccc23)C1=O,0.0,0
234,COc1cc(CC(C)=O)cc(OC)c1,0.0,0
235,N=C(N)NN=Cc1cc(Cl)cc(Cl)c1O,0.0,0
236,CC(=O)c1c(OC(=O)c2ccccc2)c2c(s1)n(-c1ccccc1)c(=S)n(-c1ccccc1)c2=O,0.0,0
237,NC1=NC(=O)C(=C2CCNC(=O)c3c2cc(Br)[nH]3)N1,0.0,1
238,CC(NC(=O)C(NC(=O)OC(C)(C)C)C(C)C)C(=O)N1CCCC1C(=O)NCC(=O)NC(C(=O)NCC(=O)OCc1ccccc1)C(C)C,0.0,0
239,COc1ccc(-c2nc(Sc3c([N+](=O)[O-])ncn3C)n[nH]2)cc1,0.0,0
240,CSc1ncnc2c1ncn2C1CC(Oc2ccc(C)cc2)C(COc2ccc(C)cc2)O1,0.0,0
241,Nc1ccc2c(c1)C(=O)c1c(F)cccc-21,0.0,1
242,CSc1c(C#N)c(O)nc(N)c1C(=O)Nc1ccc(C)cc1,0.0,0
243,NC(=S)NS(=O)(=O)c1ccc(Cl)cc1,0.0,0
244,CC1=NN(C(=O)CC(=O)NC(=O)C=Cc2ccccc2)C(=O)C1N=Nc1ccc([N+](=O)[O-])cc1,0.0,0
245,COc1ccc(S(=O)(=O)Nc2ccc(-c3csc(N4C(=O)C(=Cc5ccccc5[N+](=O)[O-])N=C4c4ccccc4)n3)cc2)cc1Cl,0.0,0
246,O=C(COc1ccc(Cl)cc1)N1N=C(c2ccc(Cl)cc2)CC1(O)c1ccccc1,0.0,0
247,C=C1CN2CCc3c([nH]c4ccccc34)C2CC1CC(=O)N(C)C,0.0,0
248,CC(Oc1ccccc1Cl)C(=O)NN1C(=O)CC(=O)N(c2ccccc2)C1=S,0.0,0
249,CSc1nc2ccccc2c(=O)n1N=C1C(=O)N(CN2CCCCC2)c2ccc(Cl)cc12,0.0,0
250,O=C(O)c1nc2cc(Cl)ccc2[nH]c1=O,0.0,0
251,O=C(O)c1ccccc1C=C1Cc2ccc3CCCc3c2C1=O,0.0,0
252,Cc1nn(C(=O)c2ccccc2O)c2c1C(c1ccc(O)cc1O)SC(=N)N2,0.0,1
253,COc1cc(C=C2C(=O)N(c3cc(Cl)ccc3Cl)C(c3ccccc3)S2(=O)=O)cc(OC)c1OC,0.0,0
254,CCOC(=O)C=CCCO[Si](C)(C)C(C)(C)C,0.0,0
255,O=C(O)c1ccc(Nc2nc3ccccc3nc2C(=O)O)cc1,0.0,0
256,COc1ccc(C=CC(=O)c2c(N3CCCCC3)c(=O)n(C)nc2-c2ccccc2)cc1,0.0,0
257,N#Cc1c(-c2ccc(Cl)cc2)cc(-c2ccc(Nc3ccnc4cc(C(F)(F)F)ccc34)cc2)[nH]c1=O,0.0,0
258,N#CC12CCC1C1CCCCC12N1CCSCC1,0.0,0
259,Nc1ccc(Sc2c3ccccc3nc3ccccc23)cc1,0.0,1
260,CC(=O)Nc1ccc(C(=O)NN2C(=O)C(Cl)C2c2ccccc2)cc1,0.0,0
261,COC(=O)C1=C(SC)SC2(C(=O)OC)C3C=C(C)C4C(N13)C42C(=O)OC,0.0,0
262,CSC(=S)NNC(=O)c1ccncc1,0.0,0
263,Cc1nnc(N)nc1CC=CC(C)Sc1ccc(Cl)cc1,0.0,0
264,COC(=O)C1=C(C(=O)OC)C2(C)Nc3ccccc3C2=C(c2ccccc2)C1,0.0,0
265,CC12CCCC(OC=O)C1(O)CC(C(=O)O)CC2,0.0,1
266,O=C1CC(C(O)CO)CC(=O)N1,0.0,1
267,Cc1ccc(OC(=O)N2CC(=Cc3ccccc3)C(=O)C(=Cc3ccccc3)C2)cc1,0.0,0
268,Cc1c(Cn2nnc3ccccc32)c(=O)c2ccccc2o1,0.0,0
269,CCC(C)C1NC(=O)C2CCCN2C(=O)C(CC(O)CO)OC(=O)CCNC(=O)C(C)N(C)C(=O)C(C(C)C)N(C)C1=O,0.0,1
270,COc1ccc(C(Cl)=C(C=O)c2ccc(OC)c(OC)c2)cc1OC,0.0,0
271,COc1ccc(C2SC(=Cc3cccc([N+](=O)[O-])c3)C(=O)N2NC(=O)Cc2ccccc2)cc1,0.0,0
272,CCOC(=O)NC(OCCN(C)C)(C(F)(F)F)C(F)(F)F,0.0,0
273,O=C1C2C(C(=O)N1Cc1ccccc1)N(Cc1ccccc1)C(=O)N2Cc1ccccc1,0.0,0
274,CC1=NN(C2=NS(=O)(=O)c3ccccc3N2C)C(=O)C1,0.0,0
275,O=C(Oc1cccc2cccnc12)c1cc2cc(CCl)ccc2oc1=O,0.0,0
276,Cc1cc2c(cc1C)[n+]([O-])c(C(=O)CC(=O)C(=O)Nc1c(C(C)C)cccc1C(C)C)c(C)[n+]2[O-],0.0,0
277,O=C(Nc1ccccc1)c1cc2c(cc1Cl)Sc1nccn1S2(=O)=O,0.0,0
278,CC(=NC1CCCCC1)c1ccccc1O,0.0,0
279,CCOC(=O)C1(C(=O)OCC)C(c2ccccc2)C2=NOC3CCCC1C23,0.0,0
280,Brc1ccc2c(-c3nc(-c4c[nH]c5ccccc45)cs3)c[nH]c2c1,0.0,0
281,O=C(O)c1ccccc1NC(=S)c1ccccc1,0.0,0
282,O=C(CC(C(=O)c1cccs1)c1cscc1)c1ccccc1,0.0,1
283,Cc1ccc(S(=O)(=O)NC(=O)Nc2ccc(C(=O)O)c(O)c2)cc1,0.0,0
284,O=C(Nc1ccc(Cl)c(Cl)c1)C1C(=O)N(c2ccc(Cl)c(Cl)c2)C(=O)C1=NO,0.0,0
285,CCc1c(C)[nH]c2c1C(=NN=C1CCCc3c1c(CC)c(C)[nH]3)CCC2,0.0,0
286,CCOP(=O)(OCC)C(O)c1cscc1,0.0,0
287,COCn1cnc2c1n(-c1ccc(OC)cc1)c(=S)n(-c1ccc(OC)cc1)c2=O,0.0,0
288,CC1OC(OC2C(OC(=O)C34CCC(C)(C)CC3C3=CCC5C6(C)CCC(OC7OC(C(=O)O)C(O)C(O)C7O)C(C)(C)C6CCC5(C)C3(C)CC4O)OCC(O)C2O)C(O)C(O)C1OC1OCC(O)C(O)C1O,0.0,0
289,O=C1CNNC(Cn2nc(-c3ccccc3)c3ccccc3c2=O)=N1,0.0,0
290,O=C(CSc1nc(-c2ccccc2)c(-c2ccccc2)[nH]1)NN=Cc1ccc(O)cc1,0.0,0
291,COC(=O)c1cccc(COc2ccc([N+](=O)[O-])cc2Cl)c1,0.0,0
292,O=C(Nc1ccc([As](=O)(O)O)cc1)Nc1cccc(Cl)c1Cl,0.0,0
293,Clc1ccc2c(NCCCCN3OC3c3ccccc3)ccnc2c1,0.0,0
294,O=C(O)CC1(CC(=O)O)Nc2ccccc2SC1=O,0.0,0
295,O=c1cc[nH]c2ccc3[nH]nnc3c12,0.0,0
296,CC1=NN(C(=O)c2ccc(Cl)cc2)C(=O)C1=Cc1ccc(Cl)cc1,0.0,1
297,O=C(O)CSc1nnc(C=Cc2ccccc2)[nH]1,0.0,0
298,COC1CC(n2cc(F)c(N)nc2=O)OC1CO,0.0,1
299,CCCCCCC1OC23OC1CCC2C(O)CCC3O,0.0,1
300,CCN(CC)C(=S)NN=C(C)c1cccc(C(C)=NNC(=S)N(CC)CC)n1,0.0,1
301,O=C(C=C(O)C(=O)O)C=C(O)c1ccccc1,0.0,0
302,COc1ccc(-c2c(C3=NCCCN3)nnn2-c2ccccc2)cc1,0.0,0
303,CC(C)NC(=O)OCc1c(CO)c2c(-c3ccccc3CC2)n1C,0.0,0
304,CC(=O)Nc1ncc(Sc2ccccc2C(=O)O)s1,0.0,0
305,O=c1c2c(ncn1-c1ccccc1)c1cnc(NCCN3CCCCC3)nc1s2,0.0,0
306,O=C(O)C(SC1=NC(=O)C2(NN1)c1ccccc1-c1ccccc12)SC1=NC(=O)C2(NN1)c1ccccc1-c1ccccc12,0.0,0
307,Oc1ccc(Br)cc1C=Nc1c(NC2CCCCC2)oc2ccc(Br)cc12,0.0,0
308,Cc1ccc(N2C(=O)C=C(C3=C(O)C(=O)N(c4ccc(C)cc4)C3=O)C2=O)cc1,0.0,0
309,CC1=CC(C)CC(C)OC(=O)CC(c2ccc(O)cc2)NC(=O)C(Cc2ccc(O)c(I)c2)N(C)C(=O)C(C)NC(=O)C(C)C1,0.0,1
310,Cc1cccc2c1c(=O)c1c([nH]2)c2c(cc1O)[nH]c1cccc(C)c1c2=O,0.0,1
311,c1ccc(Cc2nc(Cc3n[nH]c(Cc4ccccc4)n3)n[nH]2)cc1,0.0,0
312,COC(=O)c1c(C)cccc1C1CN=NC12Cc1ccc(C)c(C)c1C2=O,0.0,0
313,O=C(CCl)Nc1cc(Cl)c(Cl)cc1Cl,0.0,0
314,COc1cc(OC)c2C(=O)C=C(CC3(C)OCCCO3)C(=O)c2c1,0.0,0
315,C=C1CN=C(Nc2ccc(F)cc2F)S1,0.0,0
316,CCOC(=O)C(SCCO)C(C(=O)OCC)n1cnc2c1nc(NC(C)=O)[nH]c2=O,0.0,0
317,COC(=O)c1c[nH]c2nc(N3CCOCC3)nn2c1=O,0.0,1
318,O=C(O)CCCNc1ncc2COc3ccccc3-c2n1,0.0,0
319,NCCOCn1cc(Cc2cccc(OCc3ccccc3)c2)c(=O)[nH]c1=O,0.0,0
320,CC(=O)OC1CCC2(C)C(=CCC3C2CCC2(C)C3CC(N3CCOCC3)C2OC(C)=O)C1,0.0,0
321,OC1CN2C(O)C(O)C(O)C2C1O,0.0,0
322,CCOc1ccccc1N=Cc1c2ccccc2cc2ccccc12,0.0,0
323,O=C1C=C(N2CCN(CCOCCO)CC2)C(=O)c2c(O)ccc(O)c12,0.0,1
324,Cn1ccc(C(=O)NCCN(CCNC(=O)c2c(O)c(=O)n(C)cc2)CCNC(=O)c2c(O)c(=O)n(C)cc2)c(O)c1=O,0.0,0
325,CC1C=C(OC(=O)c2ccccc2)C(=O)C(n2cc(F)c(=O)[nH]c2=O)O1,0.0,0
326,NNC(=NS(=O)(=O)c1cccc2nsnc12)Nc1ccc(Cl)cc1,0.0,0
327,COc1cc2c(-c3c(cn[nH]3)CC2)c(OC)c1OC,0.0,0
328,Cc1ccc(S(=O)(=O)N2CCCN(S(=O)(=O)c3ccc(C)cc3)CC2)cc1,0.0,0
329,Cc1ccc(OCC2OC(n3cnc4nc(Cl)nc(Cl)c43)CC2Oc2ccc(C)cc2)cc1,0.0,1
330,CC(C)C1CC=NN1C(=O)OC(C)(C)C,0.0,0
331,[O-][n+]1c(CO)c(-c2ccccc2)no1,0.0,0
332,Cc1cc(-c2nc3cccc(O)c3s2)ccc1N,0.0,0
333,Cc1ccc(N2C(=O)C3CSCN3C2=O)cc1,0.0,0
334,Cc1cccc2c1n(C)c1c3C(=O)C=CC(=O)c3ccc21,0.0,0
335,CC(C)(C)C1=C(Br)C(Br)(C(C)(C)C)OP1(=O)c1ccccc1,0.0,0
336,CN1C(=O)N(C)P12(Cl)N(C)C(=O)N2C,0.0,0
337,Cc1cc2c(cc1-c1cc3c(cc1C)C(C(C)C)=C(O)C(=O)C3=CNc1c3ccccc3nc3ccccc13)C(=CNc1c3ccccc3nc3ccccc13)C(=O)C(O)=C2C(C)C,0.0,1
338,COC1=CCC=C(CC2NCCc3cc(OC)c(OC)cc32)C1,0.0,0
339,CC1(Cl)CC2C(CC1Sc1nnnn1-c1ccccc1)C2(C)C,0.0,0
340,CC1OC(n2cc(F)c(=O)[nH]c2=O)CCC1O,0.0,0
341,O=C1CCCCC(=O)Nc2ccccc2N1,0.0,0
342,CC1(C)C2CC(=Cc3ccccc3)C(=O)C1C2,0.0,0
343,CC(C)=CC(O)C(C(O)CCC1(C)OCCO1)S(=O)(=O)c1ccccc1,0.0,0
344,C=CC1OC(=O)OC1CO,0.0,0
345,CC(C)(C)OC(=O)NC(CSCc1ccc(C(=O)c2ccccc2)cc1)C(=O)O,0.0,0
346,COc1ccc(CC2c3cc4c(cc3CCN2C)OCO4)c(C=O)c1OC,0.0,1
347,COc1ccc(CNC(C)C(=O)O)cc1,0.0,0
348,CC(O)=C1C(=O)CCC1=O,0.0,0
349,Nc1nc(N)nc(CCCCc2nc(N)nc(N)n2)n1,0.0,1
350,COc1ccc2nc3CSC(c4c(F)cccc4Cl)n3c2c1,0.0,0
351,Cc1c(C(=O)C=Cc2c(O)ccc3ccccc23)sc(C(N)=S)n1,0.0,0
352,COc1ccc(-c2coc3c4OCOc4ccc3c2=O)cc1OC,0.0,0
353,O=C1NC(=NN=CC(O)C(O)C(O)C(O)CO)NC1=Cc1ccc(Cl)cc1,0.0,0
354,COc1ccc(N2C(=O)C3c4c(c5ccccc5[nH]4)C4CC(C)(C)CC(C)(C)C4C3C2=O)cc1,0.0,0
355,O=C1CS(=O)(=O)C(c2cccc(Oc3ccccc3)c2)N1c1ccccc1,0.0,0
356,O=[N+]([O-])c1ccc(C(Nc2ccccc2)c2ccc3cccnc3c2O)cc1,0.0,0
357,COc1ccc(-c2c3ccccc3c(-c3ccc(OCCBr)cc3)c3ccccc23)cc1,0.0,1
358,Cc1nn(C(=O)Cc2ccccc2)c2c1C(c1ccc(N(C)C)cc1)SC(=N)N2,0.0,0
359,O=C(NN=CC=Cc1ccccc1)c1ccccc1Nc1ccccc1C(=O)NN=CC=Cc1ccccc1,0.0,0
360,CCCCCCCC(=O)O[Hg]CC1COC(C[Hg]OC(=O)CCCCCCC)CO1,0.0,1
361,O=c1oc2c(ccc3ccccc32)cc1C1=CSC2=NCCN12,0.0,0
362,COc1ccc2c(c1)Oc1cc(O)ccc1C2c1ccccc1C(=O)NC(C)c1ccccc1,0.0,0
363,O=[N+]([O-])c1ccc2c(c1)C(=NN=C1c3cc([N+](=O)[O-])ccc3-c3c1cc([N+](=O)[O-])cc3[N+](=O)[O-])c1cc([N+](=O)[O-])cc([N+](=O)[O-])c1-2,0.0,0
364,O=c1c(=Cc2ccc([N+](=O)[O-])o2)sc2=NC(c3cc(F)c(Cl)cc3Cl)=CC(c3ccc(Cl)cc3)n21,0.0,1
365,O=C1C(=Cc2ccc(OC(=O)c3ccc(Cl)cc3)cc2)CCCC1=Cc1ccc(OC(=O)c2ccc(Cl)cc2)cc1,0.0,1
366,O=C(Nc1ncc([N+](=O)[O-])s1)c1ccccc1O,0.0,0
367,O=C(Nc1ccccc1)N1CC(CN2CCN(c3ccccc3)CC2)OC1=O,0.0,0
368,O=C(Cc1ccccc1)NN1C(=O)C(Cl)C1c1ccccc1,0.0,0
369,CNC1=CC(=O)C2=C(C1=O)C1CCC3(C)C(=O)CCC3C1CC2,0.0,0
370,N#CN=C1c2ccccc2C(=NC#N)c2cc(CO)ccc12,0.0,0
371,O=C(NC12CC3CC(CC(C3)C1)C2)C(=O)c1c[nH]c2ccccc12,0.0,0
372,Cc1nn(-c2c(O)ccc(O)c2-n2nc(C)cc2C)c(C)c1,0.0,0
373,CCOC(=O)C1=C(C)NC(=O)NC1c1coc2cc(C)cc(C)c2c1=O,0.0,0
374,Cn1c(=O)oc2cc(C3CCC(=O)N3Cc3csc(-c4ccccc4)n3)ccc21,0.0,0
375,Cc1c(Cl)ccc2c1NC(=O)C2(O)C(C(=O)c1ccccc1)c1ccccc1,0.0,0
376,C=CCCCCCCCC(O)C1CC(O)C(CCCCC)O1,0.0,1
377,CC1(O)CCC2(C)C(=O)C1(C)CCC21OCCO1,0.0,0
378,CCc1cc2c(CC3(Cc4ccc(C(=O)OC)cc4C3)C2)c2c1CCCC2=O,0.0,0
379,CC(CN1C(=O)c2ccccc2C1=O)=NNS(=O)(=O)c1ccc(C)cc1,0.0,0
380,O=C1C=C2SC3CC2(C=C1Br)C1=C(N3)C(=O)c2c3C1=NCCc3c[nH]2,0.0,0
381,c1ccc2c(c1)nnn2CNc1ccc(N2CCOCC2)cc1,0.0,1
382,O=C(O)CN1CCCC(Cc2c[nH]c3ccccc23)C1,0.0,0
383,CCc1nc(N)nc(N)c1-c1ccc2nnn(O)c2c1,0.0,1
384,COC(=O)CCC12CC13CCC1(C)C4C(C)CC5(CC(C)C(=O)O5)OC4CC1(C)C3CCC2C(C)(C)O,0.0,0
385,CC12CCC3C(CCC4=CC(=O)C=CC43C)C1CCC(=O)O2,0.0,1
386,COC(=O)c1ccc(N=NN(C)COc2ccc(Br)cc2)cc1,0.0,0
387,COc1ccc(N=Cc2ccc(N(CCC#N)S(=O)(=O)c3ccccc3)cc2C)cc1,0.0,0
388,COc1cc(C=CC(=NNC(=S)NN)c2c(C)nc(NNC(C)=O)s2)ccc1O,0.0,0
389,COc1ccc(C2c3cc4c(cc3OC(Nc3ccccc3)C2C)OCO4)cc1,0.0,0
390,COc1ccc(NC(=O)C(=O)c2c(O)c3ccc(O)cc3oc2=O)c([N+](=O)[O-])c1,0.0,0
391,Cc1cc(C)c(C2=NOC3C2C(=O)C=C2N(Cc4ccccc4)CCOC23O)c(C)c1,0.0,0
392,O=C1C2=Cc3ccccc3OC2(O)Oc2cc(O)cc(O)c12,0.0,0
393,Cc1ccc(CC(=O)Nc2ccc(NC(=O)C=CNC(=O)C=Cc3ccc(-c4ccccc4)cc3)cc2C(=O)c2ccccc2)cc1,0.0,0
394,CC(=O)Nc1ccc(S(=O)(=O)N=c2sc(S(N)(=O)=O)nn2C)cc1,0.0,0
395,COc1cnc2cc(C(=O)O)c3c([N+](=O)[O-])cccc3c2c1,0.0,1
396,O=C1Nc2ccc(Br)cc2C1=Nc1ccc2OCOc2c1,0.0,0
397,N#CCC(=O)N1CCCOCCC1,0.0,0
398,CCCC(C)=[N+]1NC(SC)=[SH][Zn]12[SH]=C(SC)N[N+]2=C(C)CCC,0.0,1
399,O=S(=O)(N=C(NO)Nc1ccc(Cl)cc1)c1cc(S(=O)(=O)c2ccccc2)cs1,0.0,0
400,N#CC(=CN1C(=O)C(=Cc2ccc([N+](=O)[O-])cc2)SC1=S)c1nc2ccccc2s1,0.0,0
401,O=C(O)CCCCn1ccc(=O)[nH]c1=O,0.0,0
402,COc1ccc(C2c3c[nH]nc3CC3CCCCC32)cc1,0.0,1
403,COC(=O)C(CCCC1(c2ccccc2)OCCO1)C(C)=O,0.0,0
404,N#Cc1c2[nH]c3ccc(C(F)(F)F)cc3n2c(=O)c2cc([N+](=O)[O-])ccc12,0.0,0
405,COc1cccc(C(NC2=NCCC=N2)c2cc3c(cc2O)OCO3)c1O,0.0,0
406,CSC(=S)OC1CC(n2cnc3c(NC(=O)c4ccccc4)ncnc32)OC1CO[Si](C)(C)C(C)(C)C,0.0,0
407,COC(=O)c1cc(=NNC(=O)CC(=O)Nc2ccc(C)cc2)c2ccccc2o1,0.0,0
408,CC(C)(C)NC(=O)CCC1C(C(=O)NC(C)(C)C)C2(Cl)C(Cl)=C(Cl)C1(Cl)C2(Cl)Cl,0.0,0
409,COc1cccc(N=NC(=NNC(=O)c2cc(Br)ccc2O)c2ccc(N(CCC#N)CCC#N)cc2OC)c1,0.0,0
410,CC#CC(O)(C(=O)OCC1=CCCN(C)C1)c1ccccc1,0.0,0
411,COc1ccc2c(CCNC(C)=O)c(C(C)=O)[nH]c2c1,0.0,0
412,COc1ccc2c(c1)OC1c3ccc(OC)cc3OCC21,0.0,0
413,CSc1nc(NC2OC(COC(C)=O)C(OC(C)=O)C(OC(C)=O)C2OC(C)=O)c2c(OC(C)=O)c(C)c(=O)oc2n1,0.0,0
414,Cc1ccc2nc(NC(=O)C(=O)C(C#N)c3nc4ccccc4s3)sc2c1,0.0,0
415,O=c1cc(N2CCCC2)[nH]c(=O)n1-c1cccc(Cl)c1,0.0,0
416,[N-]=[N+]=CC(=O)OCCCN=[N+]=[N-],0.0,1
417,Cc1ccc(-n2c(C)nc3c2C(=O)c2ccccc2C3=O)cc1,0.0,1
418,C=C1C(=O)OC2C1CC1OC1(C)CCC1OC1(C)CCCC(C)C2O,0.0,1
419,C=C1C(=O)OC2CC3(C)CC(=O)C=C(C)C3CC12,0.0,1
420,CSCCC(NC(=O)C(CC(C)C)NC(=O)CNC(=O)OC(C)(C)C)C(=O)N(C)C,0.0,0
421,CCN(CC)C(=S)NN=C1C(=O)Nc2ccccc12,0.0,1
422,CCOC(=O)C1(F)S(=O)(=O)OCCOS1(=O)=O,0.0,0
423,N#Cc1cccnc1Cl,0.0,1
424,CC1(C)CCC2(C(=O)OC3OC(CO)C(O)C(O)C3O)CCC3(C)C(=CCC4C5(C)CCC(OC6OC(CO)C(O)C(O)C6O)C(C)(C)C5CCC43C)C2C1,0.0,0
425,C=C1C(=O)OC2C1CC(O)C(C)(CC)C2C(=C)C=O,0.0,1
426,O=C1NC(=NN=CC(O)C(O)C(O)C(O)CO)NC1=Cc1ccccc1,0.0,0
427,COCCOC1=C(Cl)C(=O)c2c(O)ccc(O)c2C1=O,0.0,1
428,N#CC(=Cc1ccc(C(O)P(=O)(O)O)cc1)C(N)=O,0.0,0
429,CCN(CC)C(=S)SCC(=O)Nc1nc2c(CCCC2)s1,0.0,0
430,O=C1OC(C2=CC(=O)c3ccccc3C2=O)C(Cl)=C1Cl,0.0,1
431,O=c1c(=Cc2ccccc2[N+](=O)[O-])sc2nnc(-c3cccnc3)n12,0.0,0
432,CC(NC(=O)CNP(=O)(c1ccccc1)c1ccccc1)C(=O)NC(Cc1ccccc1)C(=O)OCc1ccccc1,0.0,0
433,O=C(NNC(=S)NCc1ccccc1)C12CC3CC(CC(C3)C1)C2,0.0,0
434,Clc1ccc2c(NCCCCN=Cc3ccccc3)ccnc2c1,0.0,0
435,CC(=O)ON1C(=O)c2cccc3cccc(c23)C1=O,0.0,0
436,CC1(C)CC(=O)C(C(=NNC(=S)NN)C(=O)Nc2nc3ccc([N+](=O)[O-])cc3s2)C(=O)C1,0.0,0
437,c1ccc(CNC23C4C5CC6C7C5C2C7C(NCc2ccccc2)(C64)N3Cc2ccccc2)cc1,0.0,0
438,COc1ccc(CN(Cc2ccc(OC)cc2)C(=O)CC2(O)C=CCC2)cc1,0.0,0
439,CC1=C(C(=O)Nc2cc(F)c(F)cc2F)C(c2cccc([N+](=O)[O-])c2)C(C(=O)Nc2ccccc2C(F)(F)F)=C(C)N1,0.0,0
440,C=CCn1c2c(C(=O)c3ccccc3-2)c2ccccc2c1=O,0.0,1
441,Cc1cc(-c2cc(C)c(O)c(C(C)(C)C)c2)cc(C(C)(C)C)c1O,0.0,0
442,O=c1[nH]n2c(=O)cc[nH]c2c1-c1nnns1,0.0,0
443,CC(=CC(=O)Nc1ccccc1)Nc1c(C)c(C)no1,0.0,0
444,N=C(N)NS(=O)(=O)c1ccc(NC(=O)c2ccc3nc4ccccc4c(Nc4ccc(S(=O)(=O)NC(=N)N)cc4)c3c2)cc1,0.0,1
445,CC(SC(=S)N1CCCC1)C(=O)Nc1nnc(-c2ccc(Cl)cc2)o1,0.0,0
446,O=C1C(=c2sc(=Cc3ccccc3)c(=O)n2-c2ccccc2)SC(=S)N1c1ccccc1,0.0,0
447,NC(Cc1cccc([N+](=O)[O-])c1)C(=O)O,0.0,0
448,O=S(=O)(O)c1cc(N=Nc2c(O)ccc3ccccc23)ccc1C=Cc1ccc(N=Nc2c(O)ccc3ccccc23)cc1S(=O)(=O)O,0.0,0
449,O=C(Nc1ccccc1-c1nn(CO)c(=S)n(CO)c1=O)C(F)(F)F,0.0,1
450,CC1=C(C(=O)Nc2ccccc2C)C(c2ccc(N(C)C)cc2)C(C(=O)Nc2ccccc2C)=C(C)N1,0.0,0
451,CC12CC(Sc3ccccc3N1)c1ccccc1O2,0.0,0
452,CC1=Nn2c(nnc2-c2ccc(Cl)cc2)NC(C)(C)C1,0.0,0
453,CC(=O)N(C)c1ccc2c(c1[N+](=O)[O-])ccc[n+]2[O-],0.0,0
454,CSc1nc2c(s1)n(-c1ccccc1)c(=S)n(-c1ccccc1)c2=O,0.0,0
455,CC12C3CCC1C(OC(=O)Nc1cc([N+](=O)[O-])cc([N+](=O)[O-])c1)C(=O)N2CC3,0.0,0
456,N=C(N)NS(=O)(=O)c1ccc(NN=C2CCOC2=O)cc1,0.0,0
457,N#CCCN(CCC#N)c1ccc(C(N=Nc2ccccc2)=Nc2ccc(F)cc2)cc1,0.0,0
458,Cc1c(C)n(CCc2ccccc2)c2c1S(=O)(=O)C(C#N)=NN2C,0.0,0
459,Nc1c2Cc3c(N)onc3-c3ccccc3-c2no1,0.0,0
460,C#CCNC(=O)NCCCC(NC(C)=O)C(=O)NCc1ccccc1,0.0,0
461,Cc1cc2c(OC3(C=C2)Oc2ccccc2C(=O)N3C)c(C=Nc2ccccc2O)c1,0.0,1
462,c1ccc(-c2cn3nc(N4CCOCC4)sc3n2)cc1,0.0,0
463,CNc1ncnc2c1cnn2CCCCO,0.0,0
464,CC(=NO)c1ccc(OCc2cc(C(F)(F)F)cc(C(F)(F)F)c2)cc1,0.0,0
465,On1c(-c2ccccc2)c(-c2ccccc2N2CCCC2)c2ccccc21,0.0,1
466,CCOC(=O)C1(c2ccccc2)CCCNCC1,0.0,0
467,CC1CCC2C(C3OC(=O)CC4CCC(C)C43)C(=O)OC(C3=CCCC3)C12,0.0,0
468,CC1OC(n2cnc3c(N)nc(Cl)nc32)C(C)(O)C1O,0.0,1
469,CCc1ccccc1NC(=O)C1=C(C)NC(C)=C(C(=O)Nc2ccccc2CC)C1c1ccc2OCOc2c1,0.0,0
470,CN1C(=NS(=O)(=O)c2ccc(Cl)cc2)C(=NN=P(c2ccccc2)(c2ccccc2)c2ccccc2)c2ccccc21,0.0,0
471,CCOP(=O)(C=Cn1cnc2c1nc(N)n(C(C)=O)c2=O)OCC,0.0,0
472,C=C[Si](C)(C)COC(=O)C(C#N)=CC=Cc1ccccc1,0.0,0
473,CC(=O)NC1C(OCc2ccccc2)OC(COC(=O)CCCCCCCCCCNC(=O)CCNc2ccc([N+](=O)[O-])c3c2c(=O)c2cc(O)ccc2[nH]3)C(O)C1OC(C)C(=O)NC(C(=O)NC(CCC(=O)O)C(N)=O)C(C)C,0.0,1
474,CC(C)(C)OC(=O)NC(Cc1ccc(O)cc1)C(=O)NC(CCCCN)C(=O)O,0.0,0
475,O=[N+]([O-])c1ccc2sc(C=Nc3cnccn3)cc2c1,0.0,0
476,COC(=O)c1c2cccccc-2c(Cc2c(O)c(C(=O)OC)c3cccccc-32)c1O,0.0,0
477,Cc1ccc(SCC(=O)C2=C(O)CCCC2=O)cc1,0.0,0
478,CC(=O)OC1CCC2(C)C(=CC(c3ccc(O)cc3)C3C2CCC2(C)C(OC(C)=O)CCC32)C1,0.0,0
479,CC(C)(C)OC(=O)NC(Cc1ccc(OC(C)(C)C)cc1)C(=O)NC1CCCC1C(=O)NC(Cc1ccccc1)C(=O)N1CCCC1C(N)=O,0.0,0
480,Cc1c(-c2ccccc2)[nH]c2ccc(Cl)cc2c1=O,0.0,0
481,O=C(CN1C(=O)c2ccccc2C1=O)NC1(C(=O)O)CCCC1,0.0,0
482,CCOC(=O)c1c(NC(=O)c2ccccc2)sc2c1CCC2,0.0,0
483,N#CC(=CSc1ccccc1)C(=O)O,0.0,0
484,c1ccc2nc3c(nc2c1)sc1nc2ccccc2n13,0.0,0
485,C=C1C(=O)OC2C1C(OC(=O)C(C)=CC)CC1(CO1)C1C(OC(C)=O)C=C(C)C21O,0.0,1
486,CC1(C)Oc2ccccc2[N+]([O-])=C1c1ccccc1,0.0,0
487,NC(=O)OCC(COc1ccc(Cl)cc1)OC(=O)c1cc([N+](=O)[O-])cc([N+](=O)[O-])c1,0.0,1
488,C=C=C(C)C(=O)N(C(C)C)C(C)C,0.0,0
489,O=S(=O)(N=c1[nH]c2ccccc2n1S(=O)(=O)c1ccccc1)c1ccccc1,0.0,0
490,COc1cc(C2c3cc4c(cc3C(OC3OC5COC(C)OC5C(OC(=O)CN5CCN(C)CC5)C3OC(=O)CN3CCN(C)CC3)C3COC(=O)C23)OCO4)cc(OC)c1OC(=O)CN1CCN(C)CC1,0.0,1
491,O=c1c2c(F)c(F)c(F)c(F)c2sc2nc3ccccc3n12,0.0,0
492,O=C(c1ccccc1)n1c2ccc(Br)cc2c2nc3ccccc3nc21,0.0,0
493,[N-]=[N+]=Nc1ccccc1C(=O)N1C(=O)c2ccccc2C(=O)N(C(=O)c2ccccc2N=[N+]=[N-])c2ccccc21,0.0,1
494,Cc1c(C(=O)OC2CC(C)CCC2C(C)C)c(O)c(-c2ccccc2)[nH]1,0.0,0
495,Cc1ccc(S(=O)(=O)n2c3c(CCN4CCC(Br)CC34)c3ccccc32)cc1,0.0,0
496,Cc1cccc(-c2nc3ccc([N+](=O)[O-])cc3c(=O)o2)c1,0.0,0
497,[O-][S+](Cc1cnc2ccccc2c1)c1nc2ccccc2nc1-c1cccs1,0.0,1
498,Cc1cc2cccc(Cl)c2nc1C(=O)c1ccccc1,0.0,0
499,CN1C2C=CC(=O)C1C(C#N)C2,0.0,1
500,Cc1ccc(N=Nc2c(O)c(C(=O)Nc3ccccc3)cc3ccccc23)c([N+](=O)[O-])c1,0.0,0
501,CC1=NOC(=O)C1=Cc1ccc2OCOc2c1,0.0,0
502,O=c1[nH]nc(Cc2ccc(Cl)cc2)n1O,0.0,0
503,CS(=O)(=O)OCCN1CCN(C(=O)c2cccc3c(Nc4ccc(S(=O)(=O)NC(=N)N)cc4)c4ccccc4nc23)CC1,0.0,1
504,Cc1cc(C)nc(NS(=O)(=O)c2ccc(NC(=O)c3cccc4c(Nc5ccc(S(=O)(=O)NC(=N)N)cc5)c5ccc(Cl)cc5nc34)cc2)n1,0.0,0
505,CC(=O)OCCOCNC(=S)NN=C(C)c1cccs1,0.0,0
506,CC12CCC(=O)C=C1CCC1C2CCC2(C)C(C(=O)Nc3ccc([N+](=O)[O-])c(C(F)(F)F)c3)CCC12,0.0,0
507,COc1ccc2c(c1)N(C(C)=O)CN1C(=O)CCC21,0.0,0
508,c1ccc2c(c1)CCc1c-2[nH]nc1-c1ccncc1,0.0,0
509,C1CCCCC2(CCCCCCCCC3(CCC1)SCCS3)SCCS2,0.0,0
510,COC(OC)C(O)C1OC=CC1n1cnc2c(N)ncnc21,0.0,1
511,CSc1ncnc2c1ncn2CC(=O)C1CCC2C3CCC4=CC(=O)CCC4(C)C3CCC12C,0.0,0
512,Cl[Cd]Cl,0.0,1
513,Clc1ccc(NCc2nnc(COc3ccc(OCc4nnc(CNc5ccc(Cl)cc5)o4)c(Cl)c3)o2)cc1,0.0,0
514,COc1cc2c(cc1OC)C1CCc3ccccc3CN1CC2,0.0,0
515,CC=C1CNC1C(=O)O,0.0,0
516,O=C1CSC2=NC3=C(COCC3=Cc3ccc(Br)cc3)C(c3ccc(Br)cc3)N12,0.0,0
517,C1CC2=C(C1)[Se]C(=C1Sc3nsnc3S1)[Se]2,0.0,0
518,COc1cc(-c2c(C#N)c(=O)[nH]c3c2CCCc2ccc([N+](=O)[O-])cc2-3)cc(OC)c1OC,0.0,0
519,CN1C(=O)NC2(O)c3ccccc3C(=O)C12O,0.0,0
520,O=S(=O)(c1cc(Cl)ccc1Cl)n1ccnc1,0.0,0
521,CCN1C(=O)C(N=[N+]=[N-])(c2ccccc2)C(=O)c2ccccc21,0.0,1
522,CC=C1CN2CCC3c4ccccc4N4C(C(=O)OC)C1CC2C34C=CC1=COCC2C1CC1c3c(CC2N1C)c1ccccc1n3C,0.0,0
523,NC(=O)c1c2NCC3OC(C(O)C3O)n2cn1,0.0,0
524,Cc1cnc2sn(-c3ccc(Br)cc3)c(=O)c2c1,0.0,0
525,CC(C)SC(=S)Sc1c(Cl)c(Cl)nc(Cl)c1Cl,0.0,0
526,Cc1ccc(C(=O)C=C2Nc3ccccc3NC2=O)cc1,0.0,0
527,O=c1oc2ccc3ccccc3c2cc1-c1nc2ccc([N+](=O)[O-])cc2o1,0.0,0
528,CC(=O)NC1C(OCc2ccccc2)OC(CO)C(O)C1OCC(=O)NC(C)C(=O)NC(CCC(=O)NCCCNc1c2c([N+](=O)[O-])cccc2nc2ccccc12)C(N)=O,1.0,1
529,CN(CCc1ccccn1)C(=S)NN=Cc1ccccn1,1.0,1
530,Cc1ccc(S(=O)(=O)NC(C)C(=O)O)cc1,0.0,0
531,COc1cccc2c1C(=O)c1c(O)c3c(CC(O)(C(C)=O)CC3OC3OC(C)C(O)C(N)C3Br)c(O)c1C2=O,1.0,1
532,CC(=O)OC1C(=O)C2(C)C(O)CC3OCC3(OC(C)=O)C2C(OC(=O)C2CCCCC2)C2(O)CC(OC(=O)C(O)C(NC(=O)OC(C)(C)C)c3ccccc3)C(C)=C1C2(C)C,1.0,1
533,CCOCC(=O)NC1CCc2cc(OC(=O)COCC)c(OC)c(OC)c2-c2ccc(SC)c(=O)cc21,1.0,1
534,CC(=O)OC1C(=O)C2(C)C(O)CC3OCC3(OC(C)=O)C2C(OC(=O)c2ccccc2)C2(O)CC(OC(=O)C(O)C(NC(=O)c3cocc3)c3ccccc3)C(C)=C1C2(C)C,1.0,1
535,COc1cccc(C2CC(=O)c3cc(N4CCCC4)ccc3N2)c1,1.0,1
536,COc1cc2c(-c3ccc(SC)c(=O)cc3C(CC(=O)Oc3ccccc3F)C2)c(OC)c1OC,1.0,1
537,CCOC(=O)Oc1cc2c(-c3ccc(OC)c(=O)cc3C(NC(C)=O)CC2)c(OC)c1OC,1.0,1
538,CCCCCCCCCC(=O)NC1CCc2cc(OC)c(OC)c(OC)c2-c2ccc(SC)c(=O)cc21,1.0,1
539,CCC1(O)C(=O)OCc2c1cc1-c3nc4ccccc4cc3Cn1c2=O,1.0,1
540,CCCC(=O)OC1C=C2CC34SSC5(CC6=CC(OC(C)=O)C7OC7C6N5C3=O)C(=O)N4C2C2OC12,1.0,1
541,COC1C(O)C(C)OC(OC2CCC3(C)C(CCC4C3CCC3(C)C(C5=CC(=O)OC5)C(OC(C)=O)CC43O)C2)C1O,1.0,1
542,COc1ccc2c(c1)-c1nn(CCN(C)C)c3ccc4c(=O)n(CCN(C)C)c(=O)n-2c4c13,1.0,1
543,Cc1cccc(NC(=S)NN=C(c2ccccc2)c2ccccn2)c1,1.0,1
544,Nc1nc(N)c2c(CCc3ccc(C(=O)NC(CCC(=O)O)C(=O)O)cc3)ccnc2n1,1.0,1
545,CCCCCCNC(=S)NN=C(C)c1ccccn1,1.0,1
546,COc1cccc(-c2cc(=O)c3cc(N(C)C)ccc3[nH]2)c1,1.0,1
547,Cc1ccnc2c1c(=O)cc(-c1ccccc1)[nH]2,1.0,1
548,CCCCCCCCCCCCC(O)C1CCC(C(O)CCCCC(O)CCCCCC(O)CC2=CC(C)OC2=O)O1,1.0,1
549,Cn1c(C=CCO)c(CO)c2c1C(=O)C=C(N1CC1)C2=O,1.0,1
550,O=C1c2cccnc2-c2nccc3c4cc(Br)ccc4nc1c23,1.0,1
551,COc1c(C=O)c2c(-c3ccc(OC)c(=O)cc3C(NC(C)=O)CC2)c(OC)c1OC,1.0,1
552,NC1=[SH][Pt]2(Cl)N3CCC4CCCCC4C3C=[N+]2N1,1.0,1
553,CC1OC(OC2C=C3CCC4C(CCC5(C)C(c6coc(=O)cc6)CCC45O)C3(C)CC2)C(O)C(OC2OC(CO)C(O)C(O)C2O)C1O,1.0,1
554,CC(=NNc1nc2cc(F)ccc2s1)c1ccccn1,1.0,1
555,COc1ccc(CNC2CCc3cc(OC)c(OC)c(OC)c3-c3ccc(SC)c(=O)cc32)c(OC)c1OC,1.0,1
556,COc1ccc2[nH]c3c(C(=O)NCCCN(C)CCCNC(=O)c4ccc5c6c4[nH]c4ccc(OC)cc4c6nn5CCN(C)C)ccc4c3c(nn4CCN(C)C)c2c1,1.0,1
557,CC(C=CC(=O)NO)=CC(C)C(=O)c1ccc(N(C)C)cc1,1.0,0
558,c1c[nH]c(-c2ccc(-c3ccc[nH]3)c3nsnc23)c1,1.0,1
559,O=C1CC(c2cccc(F)c2)Nc2cc3c(cc12)OCO3,1.0,1
560,CC(=NNc1nc2ccccc2[nH]1)c1cc2ccccc2cn1,1.0,1
561,Nc1nc(N)c2nc(CNc3ccc(C(=O)NC(CCCCNC(=O)c4ccccc4C(=O)O)C(=O)O)cc3)cnc2n1,1.0,1
562,CC(=NNC(=S)NC(C)(C)C)c1ccccn1,1.0,1
563,S=C(NN=C(c1ccccc1)c1ccccn1)Nc1ccccc1Cl,1.0,1
564,COC(=O)c1c(C)cc2CC(O)C3(OC)C(=O)c4c(O)c5c(cc4C(=O)C3(O)c2c1O)C(=O)C(NC1OC(C)C(OC)C(O)C1OC)=CC5=O,1.0,1
565,CCOC(=O)NC1CCc2cc(O)c(OC)c(OC)c2-c2ccc(SC)c(=O)cc21,1.0,1
566,CCc1ccc(NC(=O)NC(=O)c2ccccc2[N+](=O)[O-])cc1Oc1ncc(Cl)cn1,1.0,1
567,CN(C)CCNC(=O)c1ccc(NCCCN(C)CCCNc2ccc3c(=O)n(CCN(C)C)c(=O)n4c5ccccc5c(=O)c2c34)c2c1[nH]c1ccccc1c2=O,1.0,1
568,CC(=NNc1nc2ccccc2n1C)c1cc2ccccc2cn1,1.0,1
569,CCC1CN2CCc3cc(OC)c(OC)cc3C2CC1CC1NCCc2c1[nH]c1ccc(O)cc21,1.0,1
570,COC1=C(C)C(=O)C2=C(C1=O)C1C3CC4=C(C(=O)C(OC)=C(C)C4=O)C(CNC(=O)C(C)O)N3C(C#N)C(C2)N1C,1.0,1
571,COc1cc2c(-c3ccc(OC)c(=O)cc3C(NC(=O)c3ccccc3)CC2)c(OC)c1OC,1.0,1
572,CCC(O)CC1OC2(CCC1C)CC1OC(=O)C=CC(C)(O)C(O)C(C)C(O)C(OC3CC(OC)C(O)C(C)O3)C(O)C(C)(O)CCCC=CC3CC(C)COC3(O)CC(O2)C1C,1.0,1
573,CCC(C)C(=O)OC1C(=O)OC2CC3C(C)=CC(=O)C(O)C3(C)C3C4(O)OCC23C1C(C)C4O,1.0,1
574,COc1cc(NS(C)(=O)=O)ccc1Nc1c2[nH]c3ccc(NC4OC(CO)C(O)C(O)C4O)cc3c2nc2ccccc12,1.0,0
575,COC(C(=O)C(O)C(C)O)C1Cc2cc3cc(OC4CC(OC(C)=O)C(OC5CC(O)C(OC)C(C)O5)C(C)O4)cc(O)c3c(O)c2C(=O)C1OC1CC(OC2CC(OC3CC(C)(O)C(OC(=O)C(C)C)C(C)O3)C(O)C(C)O2)C(O)C(C)O1,1.0,1
576,CC1=CC(=O)C(O)C2(C)C1CC1OC(=O)C(OC(=O)C(C)(C)CO)C3C(C)C(O)C4(O)OCC13C42,1.0,1
577,Cc1cc(C2(c3cc(C)c(O)c4ncccc34)OC(=O)c3ccccc32)c2cccnc2c1O,1.0,0
578,CCCCCCCCCCCCC(O)C1CCC(C2CCC(C(O)CCC(O)CCCCCCCC3=CC(C)OC3=O)O2)O1,1.0,1
579,COC1=C2CC(C)CC(OC)C(O)C(C)C=C(C)C(OC(N)=O)C(OC)C=CC=C(C)C(=O)NC(=CC1=O)C2=O,1.0,1
580,Nc1ccc2c(c1)N(C(=O)c1cc3cc(NC(=O)c4cc5ccccc5o4)ccc3[nH]1)CC2CCl,1.0,1
581,CC(=NNC(=S)Nc1ccc(C)cc1)c1ccccn1,1.0,1
582,CCC[Pb](CCC)(CCC)NS(=O)(=O)c1ccc(C)cc1,1.0,0
583,CCOC(=O)Oc1cc2c(-c3ccc(SC)c(=O)cc3C(NC(=O)C(F)(F)F)CC2)c(OC)c1OC,1.0,1
584,COc1cccc(-c2cc(=O)c3cc(N4CCCCC4)ccc3[nH]2)c1,1.0,1
585,COc1cc2c(-c3ccc(OC)c(=O)cc3C(NC(C)=O)CC2)c(OC)c1OC,1.0,1
586,CCC1(O)CC(OC2CC(N(C)C)C(OC3CC(O)C(OC4OC(C)C(=O)C=C4N)C(C)O3)C(C)O2)c2c(O)c3c(C(=O)c4cccc(O)c4C3=O)c(O)c2C1C(=O)OC,1.0,1
587,COC(=O)Nc1nc2cc(C(=O)c3cccs3)ccc2[nH]1,1.0,1
588,c1ccc(CC(=NNc2nc3ccccc3[nH]2)c2ccccn2)cc1,1.0,1
589,COc1ccc2Nc3c(C(=O)NCCCN(C)CCCNC(=O)c4ccc(NCCN(C)C)c5c4Nc4ccc(OC)cc4C5)ccc(NCCN(C)C)c3Cc2c1,1.0,1
590,COC1=CC(=O)c2c(cc(COP(=O)(N(C)CCBr)N(C)CCBr)n2C)C1=O,1.0,1
591,CCOC(=O)c1c(Br)c(-c2ccc(OC)c(OC)c2)c(Br)[nH]1,1.0,1
592,COC1=C(N)C(=O)C2=C(CCC(c3nc(C(=O)O)c(C)c(-c4ccc(OC)c(OC)c4O)c3N)N2)C1=O,1.0,1
593,CCC1(O)C(=O)OCc2c1cc1-c3nc4ccc(O)cc4cc3Cn1c2=O,1.0,1
594,COc1cccc2c1C(=O)c1c(O)c3c(CC(O)(C(=O)CO)CC3OC3CC(O)C(O)C(C)O3)c(O)c1C2=O,1.0,1
595,Cc1cnc2[nH]c(-c3ccccc3)cc(=O)c2c1,1.0,1
596,COc1ccc(CCc2cc(OC)c(OC)c(OC)c2)cc1,1.0,1
597,COc1cc2c(-c3ccc(OC)c(=O)cc3C(NC(=O)C(F)(F)F)CC2)c(OC)c1O,1.0,1
598,CCC(C)(O)C(=O)OC1C(=O)OC2CC3C(C)=CC(=O)C(O)C3(C)C3C4(O)OCC23C1C(C)C4O,1.0,1
599,CC(C)=CC1CC(C)C2(CCC3(C)CC4C(C(=O)CC4(C)O)C(C=O)=CCC32)O1,1.0,1
600,CC(=O)OC1C(=O)C2(C)C(O)CC3OCC3(OC(C)=O)C2C(OC(=O)c2ccccc2)C2(O)CC(OC(=O)C(O)C(NC(=O)c3ccccc3)c3cccc(N(C)C)c3)C(C)=C1C2(C)C,1.0,1
601,CCC1(OP(=O)(O)O)C(=O)OCc2c1cc1-c3nc4ccccc4cc3Cn1c2=O,1.0,1
602,Cc1cc(O)c2C3=C(C(=O)c4c(OC5CC(O)C(OC6CC(OC7CCC(OC8CC(O)C(OC9CC(OC%10CCC(O)C(C)O%10)C(O)C(C)O9)C(C)O8)C(C)O7)C(O)C(C)O6)C(C)O5)ccc(O)c4C3=O)C(O)Cc2c1,1.0,1
603,O=C1NC(c2cccc3ccccc23)Nc2ccc(Cl)cc12,1.0,1
604,COc1ccc2c3c(CN4CCCC4C3O)c3cc(OC)c(OC)cc3c2c1,1.0,1
605,CC1CCOC(=O)C=CC=CC(=O)OC2CC3OC4C5OC5(C)CCC4(COC(=O)C1O)C2(C)C31CO1,1.0,1
606,CCc1nc(N)nc(N)c1-c1ccc(Cl)c([N+](=O)[O-])c1,1.0,1
607,CC1(O)CC(=O)c2c(cc3ccc(-c4c5CC(C)(O)CC(=O)c5c(O)c5c(O)cccc45)c(O)c3c2O)C1,1.0,1
608,Cc1ccnc2c1c(=O)cc(-c1cccc3ccccc13)[nH]2,1.0,1
609,O=C(NNC(=O)c1ccccc1O)c1ccccc1O,1.0,0
610,COc1ccc(O)c2c1oc1c3c(cc(OC)c1c2=O)OC1OC=CC31,1.0,1
611,COc1ccc(CC(C#N)c2cc(OC)c(OC)c(OC)c2)cc1,1.0,1
612,O=C1C=C(N2CC2)C(=O)C=C1N1CC1,1.0,0
613,COc1ccc2c(NCCCCCCNc3c4ccc(OC)cc4nc4ccccc34)c3ccccc3nc2c1,1.0,1
614,CC1=[N+]2NC(N3CCCCCC3)=[SH][Fe]2(Cl)(Cl)N2CCCCC12,1.0,0
615,CC(=O)OC1CCC2(C=O)C3CCC4(C)C(C5=CC(=O)OC5)CCC4(O)C3CCC2(O)C1,1.0,1
616,CC(=O)OC1C(=O)C2(C)C(O)CC3OCC3(OC(C)=O)C2C(OC(=O)c2ccccc2)C2(O)CC(OC(=O)C(O)C(NC(=O)c3ccccc3)c3ccc4ccccc4c3)C(C)=C1C2(C)C,1.0,1
617,O=C1c2cccnc2-c2nccc3c4ccc(Br)cc4nc1c23,1.0,1
618,COc1cc2c(cc1OC)CC1c3cc(OC)c(OC)cc3CCN1CC2,1.0,0
619,Clc1cc(NN=C(c2ccccc2)c2ccccn2)ncn1,1.0,1
620,CCCCCCCCCCCCC=CCCC(O)C(O)CCC(O)C1CCC(CCCCCCCC2=CC(C)OC2=O)O1,1.0,1
621,CC1=CC(C)CC2(C)CCC(O2)C23CCC(CO)(CC(O2)C2OC(C)(CC2=O)C(O)C2CCC4(CCCC(O4)C(C)C(=O)OC4CC(C5(O)OCCC(C)C5O)OC4C=C1)O2)O3,1.0,1
622,CC(=O)OC(C)(C)C=CC(=O)C(C)(O)C1C(O)CC2(C)C3CC=C4C(CC(O)C(=O)C4(C)C)C3(C)C(=O)CC12C,1.0,1
623,CCC1(O)CC(OC2CC(N(C)C)C(OC3CC(O)C(OC4OC(C)C(=O)C=C4N)C(C)O3)C(C)O2)c2c(cc3C(=O)c4cccc(O)c4C(=O)c3c2O)C1C(=O)OC,1.0,1
624,COc1cc(C=Cc2ccc(C)cc2)cc(OC)c1OC,1.0,1
625,O=C(NC(=O)c1ccccc1[N+](=O)[O-])Nc1ccc(Oc2ncc(Br)cn2)c(Cl)c1,1.0,1
626,COc1cc(C2C3=C(COC3=O)Oc3cc4c(cc32)OCO4)cc(OC)c1OC,1.0,1
627,CCC(=O)OC1CCn2c1nc1c2C(=O)C(C)=C(N2CC2)C1=O,1.0,1
628,COc1cc2c3CC4CCCN4Cc3c3cc(OC)c(OC)cc3c2cc1OC,1.0,1
629,COC1=C(C)C(=O)C2=C(C1=O)C(CO)N1C(C#N)C3CC4C(C1C2N1CCOC41)N3C,1.0,1
630,COc1cccc2c1C(=O)c1c(O)c3c(CC(O)(C(=O)CO)CC3OC3CC(N)C(OC4CCCCO4)C(C)O3)c(O)c1C2=O,1.0,1
631,CC1=C(N2CC2)C(=O)c2c(C1=O)n1CCC(OC(=O)CCl)c1n2,1.0,1
632,CC(=O)OC12COC1CC(O)C1(C)C(=O)C(O)C3=C(C)C(OC(=O)C(O)C(NC(=O)c4ccccc4)c4ccccc4)CC(O)(C(OC(=O)c4ccccc4)C21)C3(C)C,1.0,1
633,COc1ccc(C2c3cc4c(OCO4)c(OC)c3CC3OCC(=O)C32)cc1OC,1.0,1
634,CNC(=O)C=CC1=CN2C(=O)c3ccc(C)c(O)c3NC(OC)C2C1,1.0,1
635,CC(=NNc1nc2ccccc2n1C)c1ccncn1,1.0,1
636,O=c1cc(-c2ccccc2)[nH]c2ccc(N3CCOCC3)cc12,1.0,1
637,CC12CCC3c4cc(OCC(F)(F)F)c(O)cc4C(=NO)CC3C1CCC2O,1.0,1
638,CC1CCC2C(C)C(OC3OC4OC5(C)CCC6C(C)CCC(C3C)C46OO5)OC3OC4(C)CCC1C32OO4,1.0,1
639,CN(CCCCCl)P(=O)(OCC1=CC(=O)c2ccccc2C1=O)OCC1OC(n2cc(F)c(=O)[nH]c2=O)CC1O,1.0,1
640,COCC(CC1OC(O)(C(O)C2CC(OC)C(O)CCC=C(C)C=CC(OC3OC(C)C(OC)C(O)C3O)C(C)C=C(C)C=C(C)C=C(C)C(=O)O2)C(C)C(O)C1C)OC1CC(C)(O)C(OC2CC(OC)C(O)C(C)O2)C(C)O1,1.0,1
641,COc1cc(C2c3cc4c(OCO4)c(O)c3CC3COC(=O)C32)cc(OC)c1OC,1.0,1
642,CCC1(O)CC(OC2CC(N(C)C)C(O)C(C)O2)c2c(O)c3c(C(=O)c4cccc(O)c4C3=O)c(O)c2C1OC1CC(N(C)C)C(O)C(C)O1,1.0,1
643,CC(O)C1C=CC=CC(=O)OC2CC3OC4C5OC5(C)C(O)CC4(COC(=O)C(O)C(C)CCO1)C2(C)C31CO1,1.0,1
644,COCC(C#N)NC1CC(OC2CC(O)(C(=O)CO)Cc3c(O)c4c(C(=O)c5c(OC)cccc5C4=O)c(O)c32)OC(C)C1O,1.0,1
645,COc1cc2c([nH]c(C(=O)N3CC(CCl)c4ccc(NO)cc43)c2)c(OC)c1OC,1.0,1
646,[O-]c1c2cc(-[n+]3c(-c4ccccc4)cc(-c4ccccc4)cc3-c3ccccc3)cc1COC(c1ccccc1)C(c1ccccc1)OCc1cccc(n1)COC(c1ccccc1)C(c1ccccc1)OC2,1.0,1
647,COc1cccc(-c2cc(=O)c3c(C)ccnc3[nH]2)c1,1.0,1
648,COc1cc2c([nH]c(C(=O)N3CC(CCl)c4c3cc(O)c3ccccc43)c2)c(OC)c1OC,1.0,1
649,Cc1c2oc3c(C)ccc(C(=O)NC4C(=O)NC(C(C)C)C(=O)N5CCCC5C(=O)N(C)CC(=O)N(C)C(Cc5ccc(O)cc5)C(=O)OC4C)c3nc-2c(C(=O)NC2C(=O)NC(C(C)C)C(=O)N3CCCC3C(=O)N(C)CC(=O)N(C)C(Cc3ccc(O)cc3)C(=O)OC2C)c(N)c1=O,1.0,1
650,CN(C)CCOc1ccc2[nH]c(C(=O)N3CC(CCl)c4ccc(N)cc43)cc2c1,1.0,1
651,CCC[Sn](CCC)(OC(=O)Cc1ccc(F)cc1)O[Sn](CCC)(CCC)OC(=O)Cc1ccc(F)cc1,1.0,0
652,CN1CCC(c2c(O)cc(O)c3c2oc(-c2ccccc2Cl)cc3=O)C(O)C1,1.0,0
653,S=C(NN=C(c1ccccc1)c1ccccn1)N1CCCCCC1,1.0,1
654,CC(=O)NC1C(OCc2ccccc2)OC(CO)C(O)C1OC(C)C(=O)NC(C)C(=O)NC(CCC(=O)OCCNc1c2c([N+](=O)[O-])cccc2nc2ccccc12)C(N)=O,1.0,1
655,CC(=NNC(=[Se])N1CC2CCC(CC2)C1)c1ccccn1,1.0,1
656,CC(=O)NCCSC(=O)c1ccccc1,1.0,0
657,COc1ccc2c3c(CC4CCCCN4C3)c3cc(OC)c(OC)cc3c2c1,1.0,1
658,COc1cc2c([nH]c(C(=O)N3CC(CCl)c4ccc(O)cc43)c2)c(OC)c1OC,1.0,1
659,Cc1cnc2[nH]c(-c3cccc4ccccc34)cc(=O)c2c1,1.0,1
660,CCCC(=O)Nc1cn(C)c(C=CC(=O)N2CC3CC34C2=CC(=O)c2c4c(C)c[nH]2)c1,1.0,1
661,CC(O)C1C=CC=CC(=O)OC2CC3OC4C5OC5(C)CCC4(COC(=O)C4OC4(C)C(O)CO1)C2(C)C31CO1,1.0,1
662,CC1OC(=O)C(C(C)C)NC(=O)C(C(C)C)OC(=O)C(C(C)C)NC(=O)C(C)OC(=O)C(C(C)C)NC(=O)C(C(C)C)OC(=O)C(C(C)C)NC(=O)C(C)OC(=O)C(C(C)C)NC(=O)C(C(C)C)OC(=O)C(C(C)C)NC1=O,1.0,0
663,CC(=O)OC1C(=O)C2(C)C(O)CC3OCC3(OC(C)=O)C2C(OC(=O)c2ccccc2)C2(O)CC(OC(=O)C(O)C(NC(=O)c3ccccc3)c3ccc(Cl)cc3)C(C)=C1C2(C)C,1.0,1
664,Cc1c2oc3c(C)ccc(C(=O)NC4C(=O)NC(Cc5ccccc5)C(=O)N5CCCC5C(=O)N(C)CC(=O)N(C)C(C(C)C)C(=O)OC4C)c3nc-2c(C(=O)NC2C(=O)NC(Cc3ccccc3)C(=O)N3CCCC3C(=O)N(C)CC(=O)N(C)C(C(C)C)C(=O)OC2C)c(N)c1=O,1.0,1
665,CC(=O)OC1C(=O)C2(C)C(O)CC3OCC3(OC(C)=O)C2C(OC(=O)c2ccccc2)C2(O)CC(OC(=O)C(O)C(NC(=O)c3ccccc3)c3ccc(F)cc3)C(C)=C1C2(C)C,1.0,1
666,CCC(C=CC1CC=CC(=O)O1)=CC(C)CC=CC(C)=CC(C)C(=O)C(C)C(O)C(C)CC,1.0,1
667,COC12OC3CC4(C)C(=CC3OC(OC(C)C1O)C2O)CCC1C4CCC2(C)C(c3coc(=O)cc3)CCC12O,1.0,1
668,CCC1(O)C(=O)OCc2c1cc1-c3nc4cc5c(cc4cc3Cn1c2=O)OCO5,1.0,1
669,COc1ccc(C(NC(=O)c2ccccc2)C(O)C(=O)OC2CC3(O)C(OC(=O)c4ccccc4)C4C5(OC(C)=O)COC5CC(O)C4(C)C(=O)C(OC(C)=O)C(=C2C)C3(C)C)cc1,1.0,1
670,CC(C)CCCCCCCCCCCCC(=O)NCC(=O)NC1C(O)C(O)C(Nc2c3ncnc-3nc[nH]2)OC1C(O)CO,1.0,1
671,Cc1ccc(C(=O)NC2C(=O)NC(C(C)C)C(=O)N3CCCC3C(=O)N(C)CC(=O)N(C)C(C(C)C)C(=O)OC2C)c2c1Oc1c(N2)c(C(=O)NC2C(=O)NC(C(C)C)C(=O)N3CCCC3C(=O)N(C)CC(=O)N(C)C(C(C)C)C(=O)OC2C)c2nc(-c3ccccc3)c(=O)oc2c1C,1.0,1
672,COC1CC2CCC(C)C(O)(O2)C(=O)C(=O)N2CCCCC2C(=O)OC(C(C)CC2CCC(OC(=O)C(C)(CO)CO)C(OC)C2)CC(=O)C(C)C=C(C)C(O)C(OC)C(=O)C(C)CC(C)C=CC=CC=C1C,1.0,1
673,COc1cc2c([nH]c(C(=O)N3CC(CCl)c4c3cc(O)c3ccccc43)c2)c(OC)c1OC,1.0,1
674,COC1(OC)CC(C)C23OC24c2cc(O)c5C(=O)c6ccccc6C(=O)c5c2NC3C#CC=CC#CC14O,1.0,1
675,CCOC(=O)Oc1cc2c(-c3ccc(SC)c(=O)cc3C(NC(C)=O)CC2)c(OC)c1OC,1.0,1
676,CCC1(O)CC(OC2CC(N(C)C)C(OC3CC(O)C(OC4CCC(=O)C(C)O4)C(C)O3)C(C)O2)c2c(O)c3c(C(=O)c4cccc(O)c4C3=O)c(O)c2C1C(=O)OC,1.0,1
677,COc1cc(C2c3cc4c(cc3C(O)C3COC(=O)C23)OCO4)cc(OC)c1OC,1.0,1
678,Cc1cc2c(C(=O)c3c(O)c(C4CC(C)(N(C)C)C(O)C(C)O4)cc(C4CC(N(C)C)C(O)C(C)O4)c3C2=O)c2c1c(=O)cc(C1(C)OC1C1OC1C)o2,1.0,1
679,CC1=CC2OC3CC4OC(=O)C=CC=CC(C(C)O)OCC(O)C(C)CC(=O)OCC2(CC1O)C4(C)C31CO1,1.0,1
680,C=C1CC(OC)(C(O)C(=O)NC2OCOC3C2OC(CC(COC)OC)C(C)(C)C3OC)OC(C)C1C,1.0,1
681,CC(C)C12OC1C1OC13C1(C)CCC4=C(COC4=O)C1CC1OC13C2O,1.0,0
682,CC(=O)OC1CC2(O)C(CCC3(C)C(c4coc(=O)cc4)CCC32O)C2(C)CCC(O)C=C12,1.0,1
683,CC1C2CC=C3C4CCC5Cc6nc7c(CC8CCC9C%10=CC%11OC%12(OC(C)(CO)CC%12O)C(C)C%11(O)C%10(C)C(O)CC9C8(C)C7)nc6CC5(C)C4CC(=O)C32COC1(O)C(O)CC(C)(C)O,1.0,1
684,CCC1C=CC=CCC(C)C(O)C(C)C(=O)C(C)C(O)C(C)C(=O)C(C)C(O)C(C)C=CC(=O)OC2C(C)C(CC1)OC1(CCC(C)C(CC(C)O)O1)C2C,1.0,1
685,CC1=CC2OC3CC4OC(=O)C=CC=CC(=O)OCCC(C)C(O)C(=O)OCC2(CC1O)C4(C)C31CO1,1.0,1
686,CCCC(=O)Oc1cc2c(-c3ccc(SC)c(=O)cc3C(NC(C)=O)CC2)c(OC)c1OC,1.0,1
687,CCC(C)SC1SCC2C(=O)N(C)C3(CC3C)C(=O)OCC(NC(=O)c3nc4ccccc4cc3O)C(=O)NC(C)C(=O)N(C)C1C(=O)N(C)C1(CC1C)C(=O)OCC(NC(=O)c1nc3ccccc3cc1O)C(=O)NC(C)C(=O)N2C,1.0,1
688,Nc1nc(Cl)cc(OCC2(CO)CC(OCc3ccccc3)C2)n1,1.0,1
689,COC(=O)C12OCC34C(CC5C(C)=CC(=O)C(O)C5(C)C3C(O)C1O)OC(=O)C(OC(=O)CC(C)C)C24,1.0,1
690,C=C1CC2CCC34CC5OC6C(OC7CCC(CC(=O)OC8C(CC9OC(CCC1O2)CC(C)C9=C)OC1CC2OC9(CC2OC1C8C)CC1OC2(CC(C)C8OC%10CC(CO)OC%10CC8O2)CC(C)C1O9)OC7C6O3)C5O4,1.0,1
691,COc1ccc(CC2NC(=O)C=CCC(C(C)C3OC3c3ccccc3)OC(=O)C(CC(C)C)OC(=O)C(C)CNC2=O)cc1,1.0,1
692,CC(C)(C)c1ccc(C(O)CCCN2CCC(C(O)(c3ccccc3)c3ccccc3)CC2)cc1,1.0,0
693,CC1=CCC(C(C)=Cc2csc(C)n2)OC(=O)CC(O)C(C)(C)C(=O)C(C)C(O)C(C)CCC1,1.0,1
694,COc1cc2c(cc1OC)-c1cc(OC)c(OC)cc1C1CN3CCCC3(O)C=C21,1.0,1
695,Nc1nc(Cl)cc(OCC2(O)CC(COC(=O)c3ccccc3)C2)n1,1.0,1
696,COc1ccc2nc3cc([N+](=O)[O-])ccc3c(NCCCCCN(C)C)c2c1,1.0,1
697,CCOC(=O)C1=C(C)NC(c2ccco2)=C(C#N)C1c1cccc([N+](=O)[O-])c1,1.0,0
698,COc1ccc2nc3cc([N+](=O)[O-])ccc3c(NCCCN(C)C)c2c1,1.0,1
699,Oc1c(Cl)cc(C(c2cc(Cl)c(O)c(Cl)c2)C(c2cc(Cl)c(O)c(Cl)c2)c2cc(Cl)c(O)c(Cl)c2)cc1Cl,1.0,0
700,COC1CC(OC2CCC3(C=O)C4CCC5(C)C(C6=CC(=O)OC6)CCC5(O)C4CCC3(O)C2)OC(C)C1OC1OC(CO)C(O)C(O)C1O,1.0,1
701,COc1ccc2nc3cc([N+](=O)[O-])ccc3c(NCCO)c2c1,1.0,0
702,COc1ccc2nc3cc([N+](=O)[O-])ccc3c(NCCCN(CCO)CCO)c2c1,1.0,1
703,O=[N+]([O-])c1ccc(C2CC3(c4ccccc4)ON=C(c4ccccc4)N3c3ccccc3S2)cc1,1.0,1
704,Cc1cc2c(C(=O)c3c(O)cccc3C2=O)c2c1c(=O)cc(C(O)(CO)C1CO1)o2,1.0,1
705,COc1ccc(C=Cc2cc(OC)c(OC)c(OC)c2)cc1,1.0,1
706,COc1c(C)c(OC)c2CC3C(C#N)N4C(CNC(=O)c5ccc6ccccc6n5)c5c(O)c(OC)c(C)c(OC)c5CC4C(c2c1O)N3C,1.0,1
707,CC(C)(C)c1cc(C#N)cc(Br)c1OP(=O)(Oc1c(Br)cc(C#N)cc1C(C)(C)C)c1ccccc1,1.0,0
708,Nc1cc2c(c3ccccc13)C(CCl)CN2C(=O)c1cc2cc(NC(=O)c3cc4ccccc4o3)ccc2[nH]1,1.0,1
709,COc1cccc(C=CC(=O)N2CC(CCl)c3c2cc(N)c2ccccc32)c1,1.0,1
710,CCC(Cc1cnc2nc(N)nc(N)c2n1)c1ccc(C(=O)NC(CCC(=O)O)C(=O)O)cc1,1.0,1
711,CCC1(O)CC(OC2CC(N(C)C)C(OC3CC(O)C(OC4CCC(=O)C(C)O4)C(C)O3)C(C)O2)c2c(cc3C(=O)c4c(O)ccc(O)c4C(=O)c3c2O)C1C(=O)OC,1.0,1
712,N#Cc1c(Sc2ccccc2N)cccc1Sc1ccccc1N,1.0,1
713,CC=C1NC(=O)C2CSSCCC=CC(CC(=O)NC(C(C)C)C(=O)N2)OC(=O)C(C(C)C)NC1=O,1.0,0
714,CC1(C)CC(=[N+]2NC(N)=[SH][Ni]23[SH]=C(N)N[N+]3=C2CC(C)(C)NC(C)(C)C2)CC(C)(C)N1,1.0,0
715,CCOP(=O)(CC=CCn1cnc(C(N)=O)c1N)OCC,1.0,1
716,N#Cc1ccccc1CSc1ncnc2c1nc[nH]2,1.0,1
717,COC(=O)C1C(O)C2(O)c3c(OC)cc(OC)cc3OC2(c2ccc3OCOc3c2)C1c1ccccc1,1.0,0
718,NC(=O)c1c(N)n(CC=CCO)cn1,1.0,1
719,NC(=O)c1c(N)n(CC2(CO)CCC2)cn1,1.0,1
720,CC1OC(OC2CC(O)(C(=O)CF)Cc3c(O)c4c(C(=O)c5ccccc5C4=O)c(O)c32)CC(N)C1O,1.0,1
721,CCCCCCCCCCCCCCC(O)C1CCC(C(O)CCC(O)CCCCCC(O)CC2=CC(C)OC2=O)O1,1.0,1
722,CCCCCCCCCCC(O)C1CCC(C2CCC(C(O)CCCCCCCCCCC3CC(CC(C)=O)C(=O)O3)O2)O1,1.0,1
723,CC(=NNC(=S)N1CCN(C2CCCCCC2)CC1)c1ccccn1,1.0,1
724,CCCCOC(=O)NC1CCc2cc(OC)c(OC)c(OC)c2-c2ccc(SC)c(=O)cc21,1.0,1
725,COc1cc2c(-c3ccc(SC)c(=O)cc3C(NC=O)CC2)c(OC)c1OC,1.0,1
726,CC(=O)OC1C(=O)C2(C)C(O)CC3OCC3(OC(C)=O)C2C(OC(=O)c2ccccc2)C2(O)CC(OC(=O)C(O)C(NC(=O)OC(C)(C)C)c3ccco3)C(C)=C1C2(C)C,1.0,1
727,CCC1(O)C(=O)OCc2c1cc1-c3nc4cccc(N)c4cc3Cn1c2=O,1.0,1
728,CCC1(O)C(=O)OCc2c1cc1-c3nc4ccc(N)cc4cc3Cn1c2=O,1.0,1
729,COc1cc2c(-c3ccc(SC)c(=O)cc3C(NCc3cccc([N+](=O)[O-])c3)CC2)c(OC)c1OC,1.0,1
730,COc1cc2c(-c3ccc(SC)c(=O)cc3C(NC(=O)c3ccc([N+](=O)[O-])cc3)CC2)c(OC)c1OC,1.0,1
731,CC(=O)NC1C(OCc2ccccc2)OC(CO)C(O)C1OC(C)C(=O)NC(C)C(=O)NC(CCC(=O)OCCCNC1c2ccccc2Nc2cccc([N+](=O)[O-])c21)C(N)=O,1.0,0
732,COc1cc2c(cc1O)CCNC21CSC2c3c(c4c(OCO4)c(C)c3OC(C)=O)C(COC1=O)N1C(O)C3Cc4cc(C)c(OC)c(O)c4C(N3)C21,1.0,1
733,COc1cc2c(cc1O)CCNC21CSC2c3c(c4c(OCO4)c(C)c3OC(C)=O)C(COC1=O)N1C(C#N)C3Cc4cc(C)c(OC)c(O)c4C(N3)C21,1.0,1
734,CCCCCCCCCCC(O)C1CCC(C(O)CCC(O)C2CCC(CCCCCCCC(O)CC3=CC(C)OC3=O)O2)O1,1.0,1
735,CCCC(=O)NC1CCc2cc(OC)c(OC)c(OC)c2-c2ccc(SC)c(=O)cc21,1.0,1
736,CC1=[N+]2NC(N3CCCCCC3)=[SH][Cu]2(Cl)N2CCCCC12,1.0,1
737,CC(=NNC(=S)N1CC2CCC(CC2)C1)c1cnccn1,1.0,1
738,CCCC(=O)Nc1cn(C)c(C=CC(=O)N2CC(CCl)c3c2cc(OCc2ccccc2)c2c3c(C)c[nH]2)c1,1.0,1
739,Nc1nc(N)c2cc(CNc3ccc(C(=O)NC(CC(=O)O)C(=O)O)c(Cl)c3)ccc2n1,1.0,1
740,NCCCNc1c2ccccc2nc2cccc([N+](=O)[O-])c12,1.0,1
741,COC(=O)c1ccc2c(c1)C(NC(C)=O)CCc1cc(OC)c(OC)c(OC)c1-2,1.0,1
742,Nc1nc(Cl)cc(NCCCCCCCCCCCCNc2cc(Cl)nc(N)n2)n1,1.0,1
743,Cc1cc(NC(=O)NC(=O)c2ccccc2N)ccc1Oc1ncc(Br)cn1,1.0,1
744,CN(Cc1cnc2nc(N)nc(N)c2n1)c1ccc(C(=O)NC(CCC(=O)O)C(=O)O)cc1C(F)(F)F,1.0,1
745,CC(C)C12OC1C1OC13C1(C)CCC4=C(COC4=O)C1CC1OC13C2=O,1.0,0
746,CCOC(=O)C(Cc1ccc(N(CCCl)CCCl)cc1)NC(=O)C(Cc1ccccc1)NC=O,1.0,1
747,CCC(C)C(=O)OC1C(=O)OC2CC3C(C)=CC(=O)C(O)C3(C)C3C(O)C(O)C4(C)OCC23C14,1.0,1
748,CCOC(=O)NC1CCc2cc(OC)c(OC)c(OC)c2-c2ccc(SC)c(=O)cc21,1.0,1
749,CCC1(O)C(=O)OCc2c1cc1-c3c(Cn1c2=O)c(Cl)c1ccccc1n3,1.0,1
750,Nc1nc(N)c2c(Cl)c(CNc3ccc(Cl)c(Cl)c3)ccc2n1,1.0,1
751,COC1=C(N)C(=O)c2nc(-c3nc(C(=O)O)c(C)c(-c4ccc(OC)c(OC)c4O)c3N)ccc2C1=O,1.0,1
752,CNC1CCc2cc(OC)c(OC)c(OC)c2-c2ccc(SC)c(=O)cc21,1.0,1
753,CCC1(O)CC(OC2CC(N(C)C)C(OC3CC(O)C(OC4CCC(=O)C(C)O4)C(C)O3)C(C)O2)c2c(cc3C(=O)c4c(O)ccc(O)c4C(=O)c3c2O)C1C(=O)OC,1.0,1
754,CC(=CCO)CCC=C(C)CNc1ccccc1,1.0,0
755,COC1=CC(=O)c2c(cc(COP(N)(=O)N(CCBr)CCBr)n2C)C1=O,1.0,1
756,CN(C)CCn1c(=O)c2ccc(NCCCN(C)CCCNc3ccc4c(=O)n(CCN(C)C)c(=O)n5c6ccc([N+](=O)[O-])cc6c(=O)c3c45)c3c2n(c1=O)c1ccc([N+](=O)[O-])cc1c3=O,1.0,1
757,CN(C)CCn1c(=O)c2ccc(NCCCN(C)CCCNc3ccc4c(=O)n(CCN(C)C)c(=O)n5c6ccc(O)cc6c(=O)c3c45)c3c2n(c1=O)c1ccc(O)cc1c3=O,1.0,1
758,CCC1(O)C(=O)OCc2c1cc1-c3c(Cn1c2=O)c(CC[Si](C)(C)C)c1cc(N)ccc1n3,1.0,1
759,CN(C)CC(NC(NCS)C(=O)NCCNc1ccc(NCCNC(=O)C(NCS)NC(CN(C)C)OCCl)c2c1C(=O)c1c(O)ccc(O)c1C2=O)OCCl,1.0,1
760,COc1cc(C(=O)NC2CCc3cc(OC)c(OC)c(OC)c3-c3ccc(SC)c(=O)cc32)cc(OC)c1OC,1.0,1
761,CC1=[N+]2[N-]C(N3CC4CCC(CC4)C3)=[SH][Cu+]2[n+]2cnccc21,1.0,1
762,C=C1C(O)C2OC3(CCC(C=CC(C)C4CC(C)=CC5(OC(CC(C)(O)C(=O)O)CCC5O)O4)O3)CCC2OC1C(O)CC(C)C1OC2(CCCCO2)CCC1C,1.0,1
763,CC(=O)OC1C(=O)C2(C)C(O)CC3OCC3(OC(C)=O)C2C(OC(=O)c2ccccc2)C2(O)CC(OC(=O)C(O)C(NC(=O)c3ccc(C)cc3)c3ccccc3)C(C)=C1C2(C)C,1.0,1
764,CN(Cc1cnc2nc(N)nc(N)c2n1)c1ccc(C(=O)NC(CCC(=O)O)C(=O)O)c2ccccc12,1.0,1
765,COc1ccc(C23Oc4cc(OC)cc(OC)c4C2(O)C(O)C(C(=O)N(C)C)C3c2ccccc2)cc1,1.0,1
766,CCCC(=NNC(=S)N1CCN(c2ccccn2)CC1)c1ccccn1,1.0,1
767,COc1cccc2c1C(=O)c1c(O)c3c(CC(O)(C(O)CO)CC3OC3CC4C(OC5COCC(C#N)N54)C(C)O3)c(O)c1C2=O,1.0,1
768,Cc1c2oc3c(C)ccc(C(=O)NC4C(=O)NC(C(C)C)C(=O)N5CCCC5C(=O)N(C)CC(=O)N(C)C(Cc5ccccc5)C(=O)OC4C)c3nc-2c(C(=O)NC2C(=O)NC(C(C)C)C(=O)N3CCCC3C(=O)N(C)CC(=O)N(C)C(Cc3ccccc3)C(=O)OC2C)c(N)c1=O,1.0,1
769,COc1ccc(CC2C(=O)OC(C)C(NC(=O)c3c(N)c(=O)c(C)c4oc5c(C)ccc(C(=O)NC6C(=O)NC(C(C)C)C(=O)N7CCCC7C(=O)N(C)CC(=O)N(C)C(Cc7ccc(OC)cc7)C(=O)OC6C)c5nc-43)C(=O)NC(C(C)C)C(=O)N3CCCC3C(=O)N(C)CC(=O)N2C)cc1,1.0,1
770,CCC(O)(CC(=O)OC1C(=O)OC2CC3C(C)=CC(=O)C(O)C3(C)C3C4(O)OCC23C1C(C)C4O)C(C)C,1.0,1
771,Cc1c2oc3c(C)ccc(C(=O)NC4C(=O)NC(C(C)C)C(=O)N5CCCC5C(=O)N(C)CC(=O)N(C)C(Cc5ccccc5)C(=O)OC4C)c3nc-2c(C(=O)NC2C(=O)NC(C(C)C)C(=O)N3CCCC3C(=O)N(C)CC(=O)N(C)C(Cc3ccccc3)C(=O)OC2C)c(N)c1=O,1.0,1
772,COc1ccc(CC2C(=O)OC(C)C(NC(=O)c3c(N)c(=O)c(C)c4oc5c(C)ccc(C(=O)NC6C(=O)NC(C(C)C)C(=O)N7CCCC7C(=O)N(C)CC(=O)N(C)C(Cc7ccc(OC)cc7)C(=O)OC6C)c5nc-43)C(=O)NC(C(C)C)C(=O)N3CCCC3C(=O)N(C)CC(=O)N2C)cc1,1.0,1
773,CC(=O)OC1C(=O)C2(C)C(O)CC3OCC3(OC(C)=O)C2C(OC(=O)c2ccccc2)C2(O)CC(OC(=O)C(O)C(NC(=O)c3ccccc3)C3CCCCC3)C(C)=C1C2(C)C,1.0,1
774,Cn1nc(C=CC(=O)N2CC(CCl)c3c2cc(N)c2ccccc32)cc1C=CC(=O)N1CC(CCl)c2c1cc(N)c1ccccc21,1.0,1
775,S=C(NCc1ccccn1)NN=Cc1ccccn1,1.0,1
776,Nc1nc(I)nc2c1ncn2C1OC(COS(N)(=O)=O)C(O)C1O,1.0,1
777,COc1cc2c(-c3ccc(SC)cc3C(=O)CC2)c(OC)c1OC,1.0,1
778,COc1cc2c(-c3ccc(SC)cc3C(O)CC2)c(OC)c1OC,1.0,1
779,CC(=O)Nc1cc(C(=O)Nc2cc(C(=O)N3CC(CCl)c4c3cc(N)c3ccccc43)nn2C)nn1C,1.0,1
780,COc1cc2c(cc1OC)C(=O)C(=Cc1cc(C)c(O)c(C)c1)C2,1.0,0
781,COc1cc2c([nH]c(C(=O)N3CC(CCl)c4c3cc(N(C)C)c3ccccc43)c2)c(OC)c1OC,1.0,1
782,CC(=NNC(=S)N1CC2CCC(CC2)C1)c1ccncn1,1.0,1
783,Cc1cc(N)ccc1N=Nc1ccc(S(=O)(=O)CCOS(=O)(=O)O)cc1,1.0,0
784,CN(C)CCNC(=O)c1ccc(NCCCN(C)CCCNc2ccc(C(=O)NCCN(C)C)c3c2c(=O)c2cc([N+](=O)[O-])ccc2[nH]3)c2c1[nH]c1ccc([N+](=O)[O-])cc1c2=O,1.0,1
785,CC(=NNC(=S)N(C)CCc1ccccn1)c1cnccn1,1.0,1
786,CC(=O)OCCOCCN1CCN(C2=C(Cl)C(=O)c3c(O)ccc(O)c3C2=O)CC1,1.0,1
787,O=C1C(NCCF)=C(Cl)C(=O)c2ncccc12,1.0,1
788,COc1cc(C2C3=C(COC3=O)Oc3cc4c(cc32)OCO4)ccc1O,1.0,1
789,CC(=O)OC(CCC1(C)OC1COc1ccc(CCNC(=O)C=C(C)C)cc1)C(C)(C)OC(C)=O,1.0,0
790,CN=c1sc2c(C(=O)c3ccccc3C2=O)n1C,1.0,1
791,COc1ccc2Nc3c4C(=NCCN(CCO)c4ccc3[N+](=O)[O-])c2c1,1.0,1
792,COc1cc2c(cc1C)n(Cc1ccccc1)c(Cl)c2C=C1C(=O)Nc2ccc(O)cc12,1.0,1
793,O=C1Nc2ccccc2C1=C1Nc2ccccc2C1=NOCCOC1OC(CO)C(O)C(O)C1O,1.0,1
794,CC1(C)CCC(c2cc(O)c3C(=O)C=CC(=O)c3c2O)O1,1.0,1
795,C#CC(O)C=CCCCCCCC#CCC=CCC#CCCCCCCC=CC(O)C#C,1.0,1
796,COc1cc(NP(=O)(Oc2ccccc2)Oc2ccccc2)ccc1Nc1c2[nH]c3ccccc3c2nc2ccccc12,1.0,1
797,COc1ccc(CC2CCc3nc(N)nc(N)c3C2)cc1OC,1.0,1
798,CCc1ccc(NCc2cc(OC)c(OC)c(OC)c2)cc1,1.0,1
799,COC1=CC(=O)c2c(cc3CC(C)(O)CC(=O)Oc4c5c(O)c6C(=O)CC(C)(O)Cc6cc5cc(OC)c4-c3c2O)C1=O,1.0,1
800,c1ccc2nc3[nH]c4ccccc4c3cc2c1,1.0,0
801,Cc1c(Cl)cc(C(C)(C)C)c(O)c1Cc1c(C)c(Cl)cc(C(C)(C)C)c1O,1.0,0
802,O=C1C(=O)c2cc([N+](=O)[O-])ccc2-c2ccc([N+](=O)[O-])cc12,1.0,0
803,COC1C(O)C(C)OC(OC2CC3CCC4C(CCC5(C)C(C6=CC(=O)OC6)CCC45O)C3(O)C(OC(C)=O)C2)C1O,1.0,1
804,O=C1Nc2ccc(Br)cc2C1=NNC(=S)Nc1ccc(F)cc1,1.0,1
805,Cc1nc2c(nc1C)-c1c(C(=O)C2=O)c2c(C(=O)CCC2)n1C,1.0,1
806,COC(=O)NC1C(C)OC(OC2CC=C(C)C3C=CC4C(OC5CC(OC6CCC(OC7CC(O)C(OC8CCC(O)C(C)O8)C(C)O7)C(C)O6)C(OC(C)=O)C(C)O5)C(C)CC(C)C4C3(C)C(O)=C3C(=O)OC4(CC(C=O)=CC(O)C4C=C2C)C3=O)CC1(C)[N+](=O)[O-],1.0,1
807,CCCC[Sn](CCCC)(SC#N)SC#N,1.0,1
808,CCCC[Sn](CCCC)(OC(=O)c1cc(F)cc(F)c1)O[Sn](CCCC)(CCCC)OC(=O)c1cc(F)cc(F)c1,1.0,1
809,COC1=CC(=O)c2c(O)c3c(C=C(C)OC3O)c(O)c2C1=O,1.0,1
810,O=C1c2c(O)cccc2C(C(=O)CCCCCC(=O)C2c3cccc(O)c3C(=O)c3c(O)cccc32)c2cccc(O)c12,1.0,1
811,COC(=O)c1cccc(NC2c3cc4c(cc3C(c3cc(OC)c(O)c(OC)c3)C3C(=O)OCC23)OCO4)c1,1.0,1
812,CCCC[Sn]1(CCCC)OC(=O)c2cccc(C)c2O1,1.0,1
813,COC([O-])[Re+]1234([N+]#[O+])([PH](c5ccccc5)(c5ccccc5)c5ccccc5)C5=C1[C-]2C3=C54,1.0,1
814,COc1cc(C2c3cc4c(cc3OC(O)C2C)OCO4)cc(OC)c1OC,1.0,1
815,Cc1nc(Cl)c(Cl)c(Cl)n1,1.0,1
816,CC(=NNc1nc2ccccc2s1)c1ccncn1,1.0,1
817,CC(=O)N=C1C=C(NC(C)=O)C(=O)c2ccccc12,1.0,0
818,COc1cc2c([nH]c(C(=O)N3CC(CCl)c4c3cc(NC(=O)C(C)(C)c3ccccc3[N+](=O)[O-])c3ccccc43)c2)c(OC)c1OC,1.0,1
819,COc1cc(C2c3cc4c(cc3C(Nc3ccc(NC(=O)c5cc(NC(=O)c6cc([N+](=O)[O-])cn6C)cn5C)cc3)C3COC(=O)C23)OCO4)cc(OC)c1O,1.0,1
820,N#Cc1c(O)nc2[nH]nc(N=Nc3c(O)ccc4ccccc34)c2c1-c1ccc(Cl)cc1,1.0,0
821,CC12CC3OC(=O)C1COC14OC5(C2C1=O)C(O)(CCC1C4CC(O)C2(Cl)CC=CC(=O)C12C)C(=O)OC35C,1.0,1
822,CC(=NNc1nc2ccccc2o1)c1cnccn1,1.0,1
823,COc1cc(C2c3cc4c(cc3OC(Nc3ccc(C(=O)O)cc3)C2C)OCO4)cc(OC)c1OC,1.0,1
824,COC1CC2CCC(C)C(O)(O2)C(=O)C(=O)N2CCCCC2C(=O)OC(C(C)CC2CCC(O)C(OC)C2)CC(=O)C(C)C=C(C)C(O)C(OC)C(=O)C(C)CC(C)C=CC=CC=C1C,1.0,1
825,CC1=[N+]2NC(N3CC4CCC(CC4)C3)=[SH][Pt]2(Cl)(Cl)(Cl)N2CCCCC12,1.0,0
826,CCC12C[N+]3([O-])CCc4c([nH]c5ccccc45)C(C(=O)OC)(c4cc5c(cc4OC)N(C)C4C(O)(C(=O)OC)C(OC(C)=O)C6(CC)C=CCN7CCC54C76)CC(C3)C1O2,1.0,1
827,Cc1nc(N)nc(N)c1-c1ccc(Cl)c(Cl)c1,1.0,1
828,COc1ccc(Nc2nc(N)c(C(=O)c3ccc(OC)cc3)s2)cc1,1.0,1
829,CCCCCC1OCOC2(C)C=C(C)C=CC(=O)OC(C(C)C(O)C(C)C3(O)CC(OC4CC(O)C(O)C(C)O4)C(C)C(C)O3)C(OC)C=CC=C(C)CC1C2O,1.0,1
830,Cc1ccc(C(C)C)c(OCC(=O)NN=Cc2c[nH]c3ccc(Br)cc23)c1,1.0,1
831,COC1=C(N2CC2)C(=O)c2c(C1=O)n1CCCc1n2,1.0,1
832,C[Sn](C)(C)OC([O-])[Re+]1234([N+]#[O+])([PH](c5ccccc5)(c5ccccc5)c5ccccc5)C5=C1[C-]2C3=C54,1.0,1
833,C(=C(c1ccc(OC2CCCCO2)cc1)c1ccc(OC2CCCCO2)cc1)c1ccccc1,1.0,0
834,CC(=O)OC(C)(C)C=CC(=O)C(C)(O)C1C(O)CC2(C)C3CC=C4C(CC(O)C(=O)C4(C)C)C3(CO)C(=O)CC12C,1.0,1
835,COc1cc(C=NO)nc(-c2ccccn2)c1,1.0,1
836,Cc1ccc2C(=O)C(=O)c3c(c(C)c(C)cc3)-c2c1C,1.0,0
837,S=C=NCCc1ccccc1,1.0,0
838,COC1C=CC=C(C)C(=O)NC2=CC(=O)C(O)=C(CC(C)CC(OC)C(O)C(C)C=C(C)C1OC(N)=O)C2=O,1.0,1
839,COC12C(COC(N)=O)C3=C(C(=O)C(C)=C(N)C3=O)N1CC1C2N1C,1.0,1
840,Oc1ccc(C2Oc3cc(O)cc4c3C2c2cc(O)cc(O)c2C(c2ccc(O)cc2)C4C2c3cc(O)cc4c3C(c3cc(O)cc(O)c3C2c2ccc(O)cc2)C(c2ccc(O)cc2)O4)cc1,1.0,0
841,O=C1Nc2ccccc2C1=NNC(=S)NCc1ccccn1,1.0,1
842,c1ccc(C[Sn](Cc2ccccc2)(Oc2cccc3cccnc23)Oc2cccc3cccnc23)cc1,1.0,1
843,C=C1C(=O)OC2C(C)C3C=CC(=O)C3(C)C(OC(=O)C(C)=CC)C1C2OC(C)=O,1.0,1
844,CCN(CC)CCNc1ccc([N+](=O)[O-])c2c1c(=N)c1ccccc1[nH]2,1.0,1
845,COc1cc2c(-c3ccc(SC)c(=O)cc3C(CC(=O)Oc3cccc(C#N)c3)C2)c(OC)c1OC,1.0,1
846,COc1ccc(NCc2cc(OC)c(OC)c(OC)c2)cc1,1.0,1
847,O=C1C(CO)=C(CO)C(=O)c2c(O)ccc(O)c12,1.0,1
848,Oc1cc(F)cc2cccnc12,1.0,0
849,Oc1cccc2c1[nH]c1c(C3=CC4(O)CCC=CCCCCN5CCC3C3(CC6C=CCCCCN6C43)C5)nccc12,1.0,0
850,Cc1ccc(N(C)S(=O)(=O)c2ccc([N+](=O)[O-])cc2)cc1,1.0,0
851,C=C1CC(Cn2cc(Br)c(=O)[nH]c2=O)(c2ccc(-c3ccccc3)cc2)OC1=O,1.0,0
852,CC(=O)C(=[N+]=[N-])C(=O)OCCOC(=O)C(=[N+]=[N-])C(C)=O,1.0,0
853,COCCOC1=CC(=O)c2c(O)ccc(O)c2C1=O,1.0,1
854,CC1=C(Br)C(=O)c2c(O)ccc(O)c2C1=O,1.0,1
855,NC(=O)NC(=O)c1cccc(NC(=O)CCl)c1,1.0,1
856,COc1cc(C2c3cc4c(cc3C(NCCNCCO)C3COC(=O)C23)OCO4)cc(OC)c1O,1.0,1
857,CSc1ccccc1P(CCP(c1ccccc1SC)c1ccccc1SC)c1ccccc1SC,1.0,1
858,Cc1ccc(N=C2C(=O)C3=C(OC(C)(C)CC3)c3ccccc23)cc1,1.0,1
859,CC(=O)NC1C(OCc2ccccc2)OC(CO)C(O)C1OCC(=O)NC(C)C(=O)NC(CCC(=O)NCCCCNc1c2c([N+](=O)[O-])cccc2nc2ccccc12)C(N)=O,1.0,1
860,CC(C)=CCCC1(C)C=Cc2c(O1)c(CC=C(C)C)c1OC34C(=CC5CC3C(C)(C)OC4(CC=C(C)C(=O)O)C5=O)C(=O)c1c2O,1.0,1
861,Cc1c2oc3c(C)ccc(C(=O)NC4C(=O)NC(C(C)C)C(=O)N5CC(=O)CC5C(=O)N(C)CC(=O)N(C)C(C(C)C)C(=O)OC4C)c3nc-2c(C(=O)NC2C(=O)NC(C(C)C)C(=O)N3CC(=O)CC3C(=O)N(C)CC(=O)N(C)C(C(C)C)C(=O)OC2C)c(N)c1=O,1.0,1
862,CCN(CC)CCN1CCN=C2c3cc(OC)ccc3Nc3c([N+](=O)[O-])ccc1c23,1.0,1
863,CC(C)(C)c1ccc2OCC3(COc4ccc(C(C)(C)C)cc4CNCCNCc2c1)COc1ccc(C(C)(C)C)cc1CNCCNCc1cc(C(C)(C)C)ccc1OC3,1.0,0
864,CC1=CC2OC3CC4OC(=O)CCCCC(C(C)O)OCC(O)C5(C)OC5C(=O)OCC2(CC1O)C4(C)C31CO1,1.0,1
865,CC(C)(O)C=CC(=O)C(C)(O)C1C(O)CC2(C)C3CC=C4C(CC(O)C(=O)C4(C)C)C3(C)C(=O)CC12C,1.0,0
866,Cc1c(C(=O)C=Cc2c(Cl)cccc2Cl)c(=O)n(-c2ccccc2)n1C,1.0,0
867,COc1cccc2c1C(=O)c1c(O)c3c(CC(O)(C(C)=O)CC3OC3CC(O)C(O)C(C)O3)c(O)c1C2=O,1.0,1
868,CC=C1C(=O)OC23C=CC4C(C(=O)OC)=COC(OC12)C43,1.0,1
869,COC1=CC(=O)c2c(C1=O)c(O)c1oc3cc(OC)cc(C)c3c(=O)c1c2O,1.0,0
870,CC1=CC2=CC(C)CC23OC(=C(C)C3=O)CC(C)(C)C=CC1=O,1.0,1
871,N#CC1(C2SCC[S+]2[O-])C2=C(C(=O)c3ccccc3C2=O)N2CCCC21,1.0,0
872,Nc1nc(=S)c2c([nH]1)n(C1CC(O)C(CO)O1)cn2,1.0,0
873,Cc1c(C#N)c2nc3ccccc3n2c(Cl)c1CCCl,1.0,0
874,CCCCc1c2CCCCc2nc2c1CCC(=Cc1ccc([N+](=O)[O-])cc1)C2=O,1.0,0
875,CC1CC(C)C2OC2(C)CC(C)C(=O)NC(C)C(=O)N(C)C(Cc2c(Br)[nH]c3ccccc23)C(=O)NC(c2ccc(O)cc2)CC(=O)O1,1.0,1
876,CCC(C)(C)C(=O)OC1CC(C)C=C2C=CC(C)C(CCC3CC(O)CC(=O)O3)C21,1.0,1
877,COc1cc(C2c3cc4c(cc3C(Nc3cccc(O)c3)C3COC(=O)C23)OCO4)cc(OC)c1O,1.0,1
878,Cc1ccc2nc3-c(cc(=O)c(C)c3Cl)sc2c1,1.0,0
879,COc1c2c3c4c(c(OC)c(=O)c5c(O)cc(OC)c(c54)c4c3c(c(O)cc4OC)c1=O)C(C(C)O)C2C(C)O,1.0,1
880,C(=NNc1ccc(-c2nc3ccccc3[nH]2)cc1)c1c(-c2ccccc2)[nH]c2ccccc12,1.0,1
881,c1ccc(N=C(N2CCCCC2)N(CCN2CCCCC2)c2ccccc2)cc1,1.0,0
882,CC12CC3OC(=O)C1COC14OC5(C2C1=O)C(O)(CCC1C4CC2OC24CC=CC(=O)C14C)C(=O)OC35C,1.0,0
883,Cc1nn(C(=O)c2ccccc2O)c2c1C(c1ccccc1)SC(=N)N2,1.0,0
884,CC1=NN(C(=O)CC(=O)Nc2cccc(C)c2)C(=O)C1N=Nc1ccc(S(=O)(=O)CCOS(=O)(=O)O)cc1,1.0,0
885,COc1cc2c(-c3ccc(SC)c(=O)cc3C(CC(=O)Oc3cccc([N+](=O)[O-])c3)C2)c(OC)c1OC,1.0,1
886,COc1cc(CCNC2=CC(=O)c3ncccc3C2=O)ccc1O,1.0,1
887,COc1ccc(C(C#N)NNC(=O)c2ccccc2O)cc1OC,1.0,0
888,Cc1ccc2c(=O)cc(-c3ccc(Cl)s3)[nH]c2n1,1.0,1
889,OCCc1c(-c2c(CCO)cc(-c3cc(CCO)c(-c4c(CCO)cc(-c5cc(CCO)c(-c6c(CCO)ccs6)s5)s4)s3)s2)scc1,1.0,1
890,CC1=NN(c2nc(N)nc(C(C#N)=Cc3ccc([N+](=O)[O-])s3)n2)C(C)(C)C1,1.0,0
891,CCCC(=O)Oc1c2ccsc2c(OC(=O)CCC)c2c1scc2,1.0,1
892,CC(=O)Oc1cccc2c(C=NNC(N)=S)ncc(C)c12,1.0,1
893,O=C1N(C2CCCCC2)C(=O)N1C1CCCCC1,1.0,0
894,COc1cc2c(cc1Oc1c3c(cc(OC)c1Oc1c(O)c(OC)cc4c1C(CC(C)C)N(C)CC4)CCN(C)C3CC(C)C)C(CC(C)C)N(C)CC2,1.0,0
895,CCCC[Sn](CCCC)(OC(=O)c1cc(F)ccc1F)OC(=O)c1cc(F)ccc1F,1.0,1
896,CC(=O)Nc1c2sscc-2n(C)c1=O,1.0,0
897,CC1=[N+]2[N-]C(N3CC4CCC(CC4)C3)=[SH][Fe+]2[n+]2nc(C)ccc21,1.0,1
898,O=Nc1ccc(O)c2ncccc12,1.0,0
899,CCC(C=CC1OC(=O)C=CC1C)=CC(C)CC=CC(C)=CC(C)C(=O)C(C)C(O)C(C)CC(C)=CC(=O)O,1.0,1
900,CN(CCCCCl)P(=O)(OCc1ccc([N+](=O)[O-])o1)OCC1OC(n2cc(F)c(=O)[nH]c2=O)CC1O,1.0,1
901,Nc1nc(=S)c2c(nc[nH]2)[nH]1,1.0,1
902,CC(=O)O[Hg]c1c(C)c(C)c(C)c(C)c1C,1.0,1
903,COC1=C2CC(C)CC(OC)C(O)C(C)C=C(C)C(OC(N)=O)C(OC)C=CC=C(C)C(=O)NC(=C(C=NC(C)(C)C)C1=O)C2=O,1.0,1
904,CCCC[Sn]1(CCCC)OCC(C)O1,1.0,1
905,C=C1C(=O)C23CC1CCC2C12COC3(O)C(O)C1C(C)(C)C=CC2=O,1.0,1
906,COc1ccc2c(c1)[n+]([O-])c1cc(C#N)ccc1[n+]2[O-],1.0,1
907,C=CCOc1cc2c(cc1C(C)c1ccc(OC)cc1)OCO2,1.0,1
908,[I-][BiH2+3]1([I-])[SH]=C(N2CCOCC2)[SH-]1,1.0,1
909,CC(C)(C)c1cc(C=C(C#N)C#N)cc(C(C)(C)C)c1O,1.0,0
910,COC1CC(C)(O)Cc2cc3c(C(=O)c4c(O)cc5c(c4C3=O)OC3OC5(C)C(O)C(N(C)C)C3O)c(O)c21,1.0,1
911,CNc1cccnc1C=NNC(N)=S,1.0,1
912,C=CCc1c(Cl)nc(Cl)nc1Cl,1.0,1
913,COc1cc(C2c3cc4c(cc3C(NC(=O)c3ccc(C#N)cc3)C3COC(=O)C23)OCO4)cc(OC)c1O,1.0,1
914,COc1cc(C2c3cc4c(cc3C(NC(=O)c3cccc(C#N)c3)C3COC(=O)C23)OCO4)cc(OC)c1O,1.0,1
915,CN1CCN(C2=[SH][Cu+2]3([SH]=C(N4CCN(C)CC4)[SH-]3)[SH-]2)CC1,1.0,1
916,COc1cc2c(oc(=O)c3cc(C)cc(OC)c32)c2c(C3OC(C)C(O)C(C)(O)C3O)ccc(O)c12,1.0,1
917,COc1cc(C2c3cc4c(cc3CC3COC(=O)C32)OCO4)cc(OC)c1O,1.0,1
918,COc1cc(C2c3cc4c(cc3C(NCCN3CCCCC3)C3COC(=O)C23)OCO4)cc(OC)c1O,1.0,1
919,O=Cc1cc2c(o1)C(=O)c1ccccc1C2=O,1.0,0
920,CCC[Sn](CCC)(OC(=O)c1cccnc1SC)O[Sn](CCC)(CCC)OC(=O)c1cccnc1SC,1.0,1
921,CC(=O)Oc1c2C(=O)C3=CC4CC5C(C)(C)OC(CC=C(C)C(=O)O)(C4=O)C35Oc2c(CC=C(C)C)c2c1C=CC(C)(CCC=C(C)C)O2,1.0,1
922,Nc1ccc2cc3[nH]c4cc(N)ccc4c3nc2c1,1.0,0
923,COc1cc2c(cc1OCCCCCN1C(=O)c3c4c(cccc4ccc3)C1=O)N=CC1CCCN1C2=O,1.0,1
924,O=Cc1cc2c(s1)C(=O)c1c(ccs1)C2=O,1.0,1
925,Cc1cccc(C=NNC(=S)N2CCCC2)n1,1.0,1
926,COc1cccc(-c2cc(=O)c3ccc(C)nc3[nH]2)c1,1.0,1
927,COc1cc2c(cc1C)[nH]c(Cl)c2C=C1C(=O)N(C)c2ccccc12,1.0,1
928,CC(=O)OC1CCn2c1nc1c2C(=O)C=C(N2CC2)C1=O,1.0,1
929,COc1ccc(OC)c2c1C=CC(Br)=CC2,1.0,0
930,CCCC(=O)OCC1OC(n2cc(F)c(=O)[nH]c2=O)CC1OC(=O)CCC,1.0,1
931,COc1cc(C2c3c(c4ccccc4[nH]3)C(Nc3ccc(C#N)cc3)C3COC(=O)N23)cc(OC)c1O,1.0,1
932,CC(=O)OC1C(=O)C2(C)C(O)CC3OCC3(OC(C)=O)C2C(OC(=O)c2ccccc2)C2(O)CC(OC(=O)C(O)C(NC(=O)C(C)(O)C(C)O)c3ccccc3)C(C)=C1C2(C)C,1.0,1
933,O=C1C(Cl)=C(N2CCSCC2)C(=O)c2c(O)ccc(O)c12,1.0,1
934,CC1C=CN(N(C)C)C2=C1C(=O)c1cnccc1C2=O,1.0,1
935,O=C1C=C(OCCCl)C(=O)c2c(O)ccc(O)c12,1.0,1
936,c1ccc(C(=NNc2nc3ccccc3[nH]2)c2ccccn2)nc1,1.0,1
937,CC[PH](CC)(CC)[Au][SH]([Au][PH](CC)(CC)CC)C1OC(COC(C)=O)C(OC(C)=O)C(OC(C)=O)C1OC(C)=O,1.0,1
938,COc1cc2c(cc1C)n(Cc1ccc(Cl)cc1)c(Cl)c2C=C1C(=O)Nc2ccccc12,1.0,1
939,CCC(C)C1OC(=O)CCNC(=O)C(C)NC(=O)C(C)(C)C(=O)C(C)NC(=O)C(Cc2ccc(OC)cc2)N(C)C(=O)C(C(C)C)N(C)C(=O)CNC(=O)C(CC(C)C)N(C)C(=O)CNC1=O,1.0,1
940,Cc1ccc2c(=O)cc(-c3ccc(C)s3)[nH]c2n1,1.0,1
941,NC(=NNc1nc2cc([N+](=O)[O-])ccc2o1)c1ccccn1,1.0,1
942,O=C(c1ccccc1)c1c(-c2ccccc2)[nH]n(-c2ccc([N+](=O)[O-])cc2)c(=O)c1=O,1.0,0
943,CC(=O)Oc1c2ccsc2c(OC(C)=O)c2c1scc2,1.0,1
944,CCCC[Sn]1(CCCC)OC(=O)CN=Cc2ccccc2O1,1.0,1
945,COC1C(O)C(C)OC(OC2CCC3(C)C(CCC4C3C(O)CC3(C)C(C5=CC(=O)OC5)CCC43O)C2)C1O,1.0,1
946,CC1C(O)C2(Oc3cc4c(CCC5Cc6nc7c(CC8CCC9C%10=CC%11OC%12(OC(C)(CO)CC%12O)C(C)C%11(O)C%10(C)C(O)CC9C8(C)C7)nc6CC45C)c4c3C(CC4O)C2C)OC1(C)C,1.0,1
947,COC1CC(C)C(OC)c2cc(O)cc(c2O)NC(=O)C(C)=CC=CC(C)C(OC(N)=O)C(C)=CC(C)C1OC,1.0,1
948,CN1C=[SH][Ni]2(O1)ON(C)C=[SH]2,1.0,0
949,CC1(C)CCC2(C(=O)O)CCC3(C)C(C(=O)C=C4C5(C)C=C(C#N)C(=O)C(C)(C)C5CCC43C)C2C1,1.0,1
950,CN1C=[SH][Cu]2(O1)ON(C)C=[SH]2,1.0,0
951,COc1cc2c(-c3ccc(SC)c(=O)cc3C(CC(=O)Oc3ccc([N+](=O)[O-])cc3)C2)c(OC)c1OC,1.0,1
952,CCCC(O)C1(CC)CC(C)C(O)(C2(C)CC(C)C(C(CC)C(=O)C(C)C(O)C(C)C3OC(O)(C(CC)C(=O)O)C(C)C(O)C3CC)O2)O1,1.0,1
953,CC(=NNc1nc2ccccc2o1)c1ncccn1,1.0,1
954,CC12CCC(C(Br)(Br)C1=O)C2(C)C,1.0,0
955,CC=Cc1cc2c(cc1O)CCC1C2CCC2(C)C(O)CCC12,1.0,1
956,O=c1cc(-c2ccccc2Cl)[nH]c2cc3c(cc12)OCO3,1.0,1
957,CCCC[Ge](CCCC)(CCCC)OC(=O)CCl,1.0,1
958,COC1C=CC(C)C(C(C)C(OC)C(C)CCC(=O)C(C)C(CC(=O)O)OC)OC(=O)C=CC=C(C)CC(OC)C(OC)C2=CC(=O)OC(C2O)C(C)C(OC)CC(OC)C=CC(C)C(O)C1,1.0,1
959,Cc1c(-c2ccccc2)n2c(=O)n(-c3ccc(Cl)cc3)nnc2c1C#N,1.0,0
960,[O+]#[N+][Re+]1234(C([O-])O[Sn](c5ccccc5)(c5ccccc5)c5ccccc5)([PH](c5ccccc5)(c5ccccc5)c5ccccc5)C5=C1[C-]2C3=C54,1.0,1
961,Nc1nc(=O)n(C2C=C(CO)C(O)C2O)cc1,1.0,1
962,COC1C(CO)OC(n2c3c(Cl)cccc3c3c4C(=O)NC(=O)c4c4c5cccc(Cl)c5[nH]c4c32)C(O)C1O,1.0,1
963,C1=[N+]2[N-]C(N3CC4CCC(CC4)C3)=[SH][Cu+]2[n+]2ncccc21,1.0,1
964,Oc1ccc(CNCc2ccccc2)c2cccnc12,1.0,0
965,CC=C(C)c1cc(=O)c2c(C)cc3C(=O)c4c(C5CC(N(C)C)C(O)C(C)O5)cc(C5CC(C)(N(C)C)C(O)C(C)O5)c(O)c4C(=O)c3c2o1,1.0,1
966,CCCC[Sn](CCCC)(OC(=O)c1ccc(OC)c(OC)c1OC)O[Sn](CCCC)(CCCC)OC(=O)c1ccc(OC)c(OC)c1OC,1.0,1
967,COc1cc(C=C2C(=O)N(C(=O)c3ccccc3O)N=C2C)ccc1O,1.0,1
968,CCCC[Sn](CCCC)(SC1=NCCS1)SC1=NCCS1,1.0,1
969,CC1OC(OC2CCC3(C=O)C4CCC5(C)C(C6=CC(=O)OC6)CCC5(O)C4C=CC3(O)C2)CC(O)C1O,1.0,1
970,CCOC(=O)CCC(NC(=O)c1ccc(N2CCN(c3c(C)nc(N)nc3N)CC2)cc1)C(=O)OCC,1.0,1
971,CC(=O)c1cc2c(s1)C(=O)c1c(scc1)C2=O,1.0,1
972,COC1C=CC(C)C(C(C)C(OC)C(C)CCC(=O)C(C)C(CC=CN(C)C=O)OC)OC(=O)C=CC=C(C)CC(OC)C(OC)C2=CC(=O)OC(C2O)C(C)C(OC)CC(OC)C=CC(C)C(O)C1,1.0,1
973,Cc1cc2c(s1)C(=O)c1c(ccs1)C2=O,1.0,1
974,N=C(N)NS(=O)(=O)c1ccc(Nc2c3cccc(C(=O)NCCO)c3nc3ccccc23)cc1,1.0,1
975,CCCC[Sn](CCCC)(OC(=O)Cc1ccc(F)cc1)OC(=O)Cc1ccc(F)cc1,1.0,1
976,CC(C)=CCCC(C)=CCCC(C)=CCCC(C)=CCCC(C)=CCCC(C)=CCCC(C)=CCCC(C)=CCc1cc(O)ccc1O,1.0,1
977,O=C1c2cccnc2-c2c3c1nc1c(CCCC1)c3ccn2,1.0,1
978,CCNCCCNc1c2ccccc2nc2ccccc12,1.0,1
979,C#CC1(O)C(CO)OC(n2ccc(=O)[nH]c2=O)C1O,1.0,0
980,CC1=CC(C)CC(C)OC(=O)C(C)NC(=O)C(Cc2ccc(O)c(I)c2)N(C)C(=O)CNC(=O)C(C)C1,1.0,1
981,COc1ccc(C(c2c[nH]c3ccc(Br)cc23)c2c[nH]c3ccc(Br)cc23)cc1,1.0,0
982,CC(=O)OCC1=C(C)CC(C(COC(C)=O)C2CCC3C4CC5OC56CC=CC(=O)C6(C)C4CCC23C)OC1=O,1.0,0
983,CCCCCCCCCCCCCCCCNc1nc(=O)n(C2CC(O)C(COP(=O)(O)OC3CC(n4cc(F)c(=O)[nH]c4=O)OC3CO)O2)cc1F,1.0,1
984,CN(C)CCN1C(=O)c2c3c(cc([N+](=O)[O-])cc3ccc2)C1=O,1.0,1
985,CCc1c(Cl)nc(Cl)nc1Cl,1.0,1
986,O=C1c2c(O)cccc2Cc2cccc(O)c12,1.0,1
987,COc1c(OC(C)=O)c(OC(C)=O)cc2c1-c1ccc(SC)c(=O)cc1C(NC(C)=O)CC2,1.0,1
988,O=c1[nH]c(=O)n(C2CC(O)C(CO)O2)cc1F,1.0,0
989,COc1cc2c(c3c1c(=O)c1cccc(O)c1o3)C(C1(C)CO1)CO2,1.0,1
990,COc1ccc(-c2csc3c2-n2cccc2C3=O)cc1,1.0,0
991,COc1cc(C2c3cc4c(cc3OC(NCc3ccccc3)C2C)OCO4)cc(OC)c1OC,1.0,1
992,CSc1cc(-c2ccccn2)nc(-c2ccccn2)c1,1.0,1
993,CC(=O)OC1=C2CC3(C)OC(=O)CC(C)(C)C3=CC=C2C=C(C(C)C)C1=O,1.0,0
994,CCCC[Sn]1(CCCC)OC(=O)CN=C(C)c2ccccc2O1,1.0,1
995,COc1cc(C2c3cc4c(cc3C(Nc3cccc(CO)c3)C3COC(=O)C23)OCO4)cc(OC)c1O,1.0,1
996,CC(=NNC(=S)N1CC2CCC(CC2)C1)c1nccs1,1.0,1
997,CCc1nc(N)nc(N)c1-c1ccc(NCCc2ccccc2)c([N+](=O)[O-])c1,1.0,1
998,COc1cc2c(C=C([N+](=O)[O-])C(C)(C)O2)c2c1c(=O)c1ccccc1n2C,1.0,0
999,COc1ccc(Cc2cc(OC)c(OC)c(OC)c2)cc1,1.0,1
1000,COC1(OC)CC(C)C23OC24C2=CC(=O)C=CC2=NC3C#CC=CC#CC14O,1.0,1
1001,O=C1C(Br)=CC2(C=C1Br)CCNC1=C2C(=O)c2ncccc2C1=O,1.0,1
1002,CCCCOCCOC1=C(Cl)C(=O)c2c(O)ccc(O)c2C1=O,1.0,1
1003,COc1cc(C2c3cc4c(cc3OC(NNC(N)=O)C2C)OCO4)cc(OC)c1OC,1.0,1
1004,CNc1cccc(-c2cc(=O)c3cc4c(cc3[nH]2)OCO4)c1,1.0,1
1005,N#CC1=C(N)n2c(=C(c3nc4ccccc4[nH]3)C1c1ccc(Cl)cc1)sc(=Cc1ccc(Cl)cc1)c2=O,1.0,0
1006,CCCC[Ge](CCCC)(CCCC)OC(=O)C(O)c1ccccc1,1.0,1
1007,COc1cc(C2c3cc4c(cc3C(NCc3cccc(C#N)c3)C3COC(=O)C23)OCO4)cc(OC)c1O,1.0,1
1008,c1nc(SSc2ncnc3c2[nH]cn3)c2[nH]cnc2n1,1.0,0
1009,CC1CC2CCC(O2)C(C)C(=O)OC(C)CC2CCC(O2)C(C)C(=O)OC(C)CC2CCC(O2)C(C)C(=O)OC(C)CC2CCC(O2)C(C)C(=O)O1,1.0,1
1010,CC12CCC3C(CCC4(O)CC(O)CCC34C=O)C1(O)CCC2C1=CC(=O)OC1,1.0,1
1011,CCOC(=O)c1cccc(NC(=O)CI)c1,1.0,1
1012,c1ccc2c(NCCCCCCNc3c4ccccc4nc4ccccc34)c3ccccc3nc2c1,1.0,1
1013,Cc1ccc2c(=O)cc(-c3c(C)ccs3)[nH]c2n1,1.0,1
1014,Cc1ccc2nc3ccccc3c(C3C4C(=O)N(c5ccc(Br)cc5Cl)C(=O)C4ON3C(C(N)=O)c3ccccc3)c2c1,1.0,0
1015,C=CCC=CCc1csc(C(C)(C)C(O)CC=CC(=C)CCNC(=O)OC)n1,1.0,0
1016,COc1ccc(-c2c(OC)c(=O)c3c(O)c(OC)c(OC)c(OC)c3o2)cc1O,1.0,0
1017,CCCOc1ccc(C=Cc2cc(OC)c(OC)c(OC)c2)cc1,1.0,1
1018,COc1cc(C2c3cc4c(cc3C(Nc3ccccc3)C3COC(=O)C23)OCO4)cc(OC)c1O,1.0,1
1019,COc1cc(C2c3cc4c(cc3C(NC(=O)c3ccc([N+](=O)[O-])cc3)C3COC(=O)C23)OCO4)cc(OC)c1O,1.0,1
1020,COc1ncnc2c(NC3OC(CO)C(O)C3O)ncnc12,1.0,0
1021,CCOc1ccc(C(C)c2cc3c(cc2OC)OCO3)cc1,1.0,1
1022,CN(C)c1ccc(N=C2C=CC(=C(C#N)C#N)c3ccccc23)cc1,1.0,0
1023,O=C(c1ccccc1)c1nc2ccc(Cl)cc2cc1C(Br)Br,1.0,0
1024,CC1=CC(C)CC(C)OC(=O)C(C)NC(=O)C(Cc2ccc(O)c(I)c2)N(C)C(=O)C(C)NC(=O)C(C)C1,1.0,1
1025,CCCC[Sn](CCCC)(OC(=O)c1cc(OC)c(OC)cc1OC)O[Sn](CCCC)(CCCC)OC(=O)c1cc(OC)c(OC)cc1OC,1.0,1
1026,COc1cc(C2c3cc4c(cc3C(NCc3ccc(C#N)cc3)C3COC(=O)C23)OCO4)cc(OC)c1O,1.0,1
1027,COc1cc(C=Cc2ccc(OC(C)=O)cc2)cc(OC)c1OC,1.0,1
1028,CCOC(=O)c1ccc(NC2c3cc4c(cc3C(c3cc(OC)c(O)c(OC)c3)C3C(=O)OCC23)OCO4)cc1,1.0,1
1029,COc1ccc(C(c2c(O)c(=O)cc(C(C)C)cc2)c2ccc3cccnc3c2O)cc1,1.0,0
1030,COc1cc(OC)cc(-c2cc(=O)c3cc4c(cc3[nH]2)OCO4)c1,1.0,1
1031,COc1ccc(C=Cc2cc(OC)c(OC)c(OC)c2)cc1O,1.0,1
1032,Cc1cccc(-c2cc(=O)c3cc(C)cnc3[nH]2)c1,1.0,1
1033,CCOc1cc2c(cc1O)C(=O)CC1C2CCC2(C)C(O)CCC12,1.0,1
1034,CN(C)CCc1c2C(=O)c3ncccc3C(=O)c2nc2ccccc12,1.0,1
1035,COc1cccc2c1C(=O)c1ccc3cc(CO)cc(O)c3c1C2=O,1.0,1
1036,O=C1C(Cl)=C(Nc2ccc(OC(F)(F)F)cc2)C(=O)c2c(O)ccc(O)c12,1.0,1
1037,COc1c2c3c4c(c(OC)c(=O)c5c(O)cc(OC)c(c54)c4c3c(c(O)cc4OC)c1=O)C(C(C)O)C2C(C)=O,1.0,0
